age_cat,stab,variable,value,educ,unemp_cat,tot,ur
20,All,male,60579,less than highschool,Unemployed,408100,0.14844155844155843
20,All,male,60584,highschool or equivalent,Unemployed,523943,0.11563089878097427
20,All,male,48252,some college,Unemployed,634376,0.07606214610893224
20,All,male,141,bachelors,Unemployed,4921,0.02865271286323918
25,All,male,33284,less than highschool,Unemployed,284645,0.11693161657503205
25,All,male,68954,highschool or equivalent,Unemployed,903652,0.07630592307658257
25,All,male,77014,some college,Unemployed,1483151,0.051925933367539784
25,All,male,20936,bachelors,Unemployed,610642,0.03428522767841059
25,All,male,1426,masters,Unemployed,56704,0.02514813769751693
25,All,male,147,professional or phd,Unemployed,8389,0.017522946715937536
30,All,male,27058,less than highschool,Unemployed,339273,0.07975288337120844
30,All,male,46122,highschool or equivalent,Unemployed,769725,0.05992010133489233
30,All,male,44298,some college,Unemployed,1204194,0.03678643142217948
30,All,male,22190,bachelors,Unemployed,946780,0.023437334966940577
30,All,male,4158,masters,Unemployed,250135,0.016623023567273673
30,All,male,2149,professional or phd,Unemployed,88727,0.024220361333077867
35,All,male,17367,less than highschool,Unemployed,402625,0.04313443030114871
35,All,male,31929,highschool or equivalent,Unemployed,681908,0.04682303184593816
35,All,male,31198,some college,Unemployed,1051989,0.02965620362950563
35,All,male,14084,bachelors,Unemployed,812346,0.017337439957850472
35,All,male,2892,masters,Unemployed,327485,0.008830938821625419
35,All,male,1243,professional or phd,Unemployed,141034,0.008813477601145822
40,All,male,19378,less than highschool,Unemployed,440087,0.04403220272355239
40,All,male,26492,highschool or equivalent,Unemployed,618745,0.04281569952080421
40,All,male,25472,some college,Unemployed,943427,0.02699943927829074
40,All,male,10356,bachelors,Unemployed,738407,0.014024785788867115
40,All,male,2899,masters,Unemployed,329653,0.00879409560962588
40,All,male,1779,professional or phd,Unemployed,141044,0.012613085278352854
45,All,male,16895,less than highschool,Unemployed,484221,0.034891093116572805
45,All,male,22717,highschool or equivalent,Unemployed,613554,0.03702526590976507
45,All,male,26608,some college,Unemployed,942008,0.0282460446195786
45,All,male,11088,bachelors,Unemployed,713123,0.0155485098643572
45,All,male,3950,masters,Unemployed,311233,0.012691456240180187
45,All,male,1169,professional or phd,Unemployed,136538,0.008561719081867319
50,All,male,17434,less than highschool,Unemployed,489111,0.03564426070973664
50,All,male,24594,highschool or equivalent,Unemployed,630011,0.03903741363246038
50,All,male,23079,some college,Unemployed,937972,0.02460521209588346
50,All,male,13465,bachelors,Unemployed,671093,0.020064283191748387
50,All,male,4031,masters,Unemployed,286650,0.01406244549101692
50,All,male,1142,professional or phd,Unemployed,129547,0.008815333431109944
55,All,male,20222,less than highschool,Unemployed,414349,0.048804268865135426
55,All,male,22327,highschool or equivalent,Unemployed,639949,0.0348887176946913
55,All,male,28895,some college,Unemployed,975468,0.029621679029963054
55,All,male,15118,bachelors,Unemployed,622781,0.024274985909974775
55,All,male,5528,masters,Unemployed,260500,0.021220729366602686
55,All,male,1456,professional or phd,Unemployed,116127,0.012537997192728651
60,All,male,15317,less than highschool,Unemployed,321546,0.047635486057982374
60,All,male,21693,highschool or equivalent,Unemployed,526676,0.04118851058335675
60,All,male,23918,some college,Unemployed,866840,0.027592173872917725
60,All,male,14641,bachelors,Unemployed,522073,0.02804397086231236
60,All,male,5613,masters,Unemployed,235892,0.023794787445101995
60,All,male,1707,professional or phd,Unemployed,114826,0.014865971121523
65,All,male,3880,less than highschool,Unemployed,183007,0.021201374810799586
65,All,male,6529,highschool or equivalent,Unemployed,276831,0.023584786385917763
65,All,male,14675,some college,Unemployed,540762,0.027137631712287474
65,All,male,9027,bachelors,Unemployed,364281,0.024780320686503002
65,All,male,3750,masters,Unemployed,171762,0.021832535718028435
65,All,male,1254,professional or phd,Unemployed,105168,0.011923779096303058
70,All,male,2303,less than highschool,Unemployed,69733,0.033025970487430625
70,All,male,2367,highschool or equivalent,Unemployed,112374,0.021063591222168828
70,All,male,6278,some college,Unemployed,230731,0.027209174319878994
70,All,male,4156,bachelors,Unemployed,164154,0.025317689486701513
70,All,male,2800,masters,Unemployed,90980,0.03077599472411519
70,All,male,1538,professional or phd,Unemployed,64145,0.023976927274144515
75,All,male,1709,less than highschool,Unemployed,29317,0.05829382269672886
75,All,male,1697,highschool or equivalent,Unemployed,47077,0.03604732672005438
75,All,male,2727,some college,Unemployed,84657,0.032212339204082355
75,All,male,1786,bachelors,Unemployed,55897,0.03195162531083958
75,All,male,792,masters,Unemployed,32910,0.02406563354603464
75,All,male,1125,professional or phd,Unemployed,30992,0.03629969024264326
80,All,male,149,less than highschool,Unemployed,9920,0.01502016129032258
80,All,male,737,highschool or equivalent,Unemployed,24134,0.030537830446672742
80,All,male,665,some college,Unemployed,31249,0.02128068098179142
80,All,male,629,bachelors,Unemployed,20206,0.031129367514599625
80+,All,male,419,less than highschool,Unemployed,8994,0.046586613297754056
80+,All,male,322,highschool or equivalent,Unemployed,12450,0.025863453815261044
80+,All,male,738,some college,Unemployed,14184,0.05203045685279188
80+,All,male,364,bachelors,Unemployed,12307,0.029576663687332413
80+,All,male,98,professional or phd,Unemployed,6982,0.01403609281008307
20,All,female,50113,less than highschool,Unemployed,408100,0.1227958833619211
20,All,female,48369,highschool or equivalent,Unemployed,523943,0.09231729405679626
20,All,female,45949,some college,Unemployed,634376,0.07243180700404807
20,All,female,550,bachelors,Unemployed,4921,0.11176590123958545
25,All,female,19270,less than highschool,Unemployed,284645,0.06769836111647842
25,All,female,47646,highschool or equivalent,Unemployed,903652,0.05272604940840058
25,All,female,62073,some college,Unemployed,1483151,0.04185211081002541
25,All,female,24614,bachelors,Unemployed,610642,0.0403083967365494
25,All,female,1984,masters,Unemployed,56704,0.034988713318284424
25,All,female,271,professional or phd,Unemployed,8389,0.032304207891286206
30,All,female,18759,less than highschool,Unemployed,339273,0.055291756196337465
30,All,female,32221,highschool or equivalent,Unemployed,769725,0.04186040468998668
30,All,female,40748,some college,Unemployed,1204194,0.03383840145358638
30,All,female,19117,bachelors,Unemployed,946780,0.020191596780667103
30,All,female,4432,masters,Unemployed,250135,0.017718432046694786
30,All,female,1203,professional or phd,Unemployed,88727,0.013558443314887238
35,All,female,18031,less than highschool,Unemployed,402625,0.044783607575287175
35,All,female,24667,highschool or equivalent,Unemployed,681908,0.03617350141074749
35,All,female,39465,some college,Unemployed,1051989,0.03751465081859221
35,All,female,17508,bachelors,Unemployed,812346,0.02155239269966246
35,All,female,4383,masters,Unemployed,327485,0.013383819106218605
35,All,female,1985,professional or phd,Unemployed,141034,0.014074620304323781
40,All,female,17040,less than highschool,Unemployed,440087,0.038719616803041215
40,All,female,21340,highschool or equivalent,Unemployed,618745,0.034489167589233045
40,All,female,27666,some college,Unemployed,943427,0.029325003418388493
40,All,female,12261,bachelors,Unemployed,738407,0.016604663823609474
40,All,female,4558,masters,Unemployed,329653,0.013826660154768803
40,All,female,2501,professional or phd,Unemployed,141044,0.01773205524517172
45,All,female,20473,less than highschool,Unemployed,484221,0.04228028111131074
45,All,female,17565,highschool or equivalent,Unemployed,613554,0.028628286996743562
45,All,female,26158,some college,Unemployed,942008,0.027768341670134436
45,All,female,14817,bachelors,Unemployed,713123,0.020777621812786855
45,All,female,3841,masters,Unemployed,311233,0.012341236308489139
45,All,female,1383,professional or phd,Unemployed,136538,0.01012904832354363
50,All,female,15420,less than highschool,Unemployed,489111,0.031526585989683324
50,All,female,19978,highschool or equivalent,Unemployed,630011,0.031710557434711455
50,All,female,29617,some college,Unemployed,937972,0.031575569419982685
50,All,female,13273,bachelors,Unemployed,671093,0.01977818275559423
50,All,female,3899,masters,Unemployed,286650,0.013601953601953602
50,All,female,1318,professional or phd,Unemployed,129547,0.01017391371471358
55,All,female,15283,less than highschool,Unemployed,414349,0.036884365595186666
55,All,female,16538,highschool or equivalent,Unemployed,639949,0.025842684338908257
55,All,female,25503,some college,Unemployed,975468,0.02614437377750987
55,All,female,13351,bachelors,Unemployed,622781,0.02143771245429774
55,All,female,4591,masters,Unemployed,260500,0.017623800383877158
55,All,female,1454,professional or phd,Unemployed,116127,0.012520774669112266
60,All,female,10905,less than highschool,Unemployed,321546,0.03391427665093019
60,All,female,13350,highschool or equivalent,Unemployed,526676,0.025347652066925398
60,All,female,23516,some college,Unemployed,866840,0.027128420469752203
60,All,female,11055,bachelors,Unemployed,522073,0.021175199636832398
60,All,female,3337,masters,Unemployed,235892,0.014146304240923812
60,All,female,2346,professional or phd,Unemployed,114826,0.020430912859456918
65,All,female,6424,less than highschool,Unemployed,183007,0.0351024824187053
65,All,female,6567,highschool or equivalent,Unemployed,276831,0.023722054249704694
65,All,female,9907,some college,Unemployed,540762,0.018320444114046475
65,All,female,7465,bachelors,Unemployed,364281,0.02049242205879527
65,All,female,3191,masters,Unemployed,171762,0.018578032393660997
65,All,female,699,professional or phd,Unemployed,105168,0.006646508443633044
70,All,female,2316,less than highschool,Unemployed,69733,0.033212395852752645
70,All,female,1964,highschool or equivalent,Unemployed,112374,0.017477352412479757
70,All,female,6827,some college,Unemployed,230731,0.029588568506182526
70,All,female,1806,bachelors,Unemployed,164154,0.011001864103220148
70,All,female,1671,masters,Unemployed,90980,0.018366673994284457
70,All,female,192,professional or phd,Unemployed,64145,0.0029932184893600436
75,All,female,347,less than highschool,Unemployed,29317,0.011836136030289593
75,All,female,1003,highschool or equivalent,Unemployed,47077,0.021305520742613167
75,All,female,1849,some college,Unemployed,84657,0.021841076343362038
75,All,female,1055,bachelors,Unemployed,55897,0.01887400039358105
75,All,female,782,masters,Unemployed,32910,0.023761774536615012
75,All,female,260,professional or phd,Unemployed,30992,0.008389261744966443
80,All,female,120,less than highschool,Unemployed,9920,0.012096774193548387
80,All,female,445,highschool or equivalent,Unemployed,24134,0.018438717162509322
80,All,female,1314,some college,Unemployed,31249,0.04204934557905853
80,All,female,189,bachelors,Unemployed,20206,0.009353657329506087
80+,All,female,636,less than highschool,Unemployed,8994,0.07071380920613743
80+,All,female,267,highschool or equivalent,Unemployed,12450,0.021445783132530122
80+,All,female,225,some college,Unemployed,14184,0.015862944162436547
80+,All,female,56,bachelors,Unemployed,12307,0.004550255951897294
80+,All,female,65,professional or phd,Unemployed,6982,0.009309653394442853
20,AZ,male,9396,less than highschool,Unemployed,72527,0.12955175314020986
20,CA,male,35303,less than highschool,Unemployed,208094,0.16964929310792237
20,NV,male,3301,less than highschool,Unemployed,21227,0.15550949262731428
20,OR,male,4637,less than highschool,Unemployed,42506,0.10909048134381029
20,WA,male,7942,less than highschool,Unemployed,63746,0.12458820945627962
20,AZ,male,6716,highschool or equivalent,Unemployed,63674,0.10547476206929045
20,CA,male,39031,highschool or equivalent,Unemployed,334687,0.11661940858174952
20,NV,male,3919,highschool or equivalent,Unemployed,25716,0.15239539586249806
20,OR,male,4912,highschool or equivalent,Unemployed,36125,0.13597231833910034
20,WA,male,6006,highschool or equivalent,Unemployed,63741,0.09422506706829199
20,AZ,male,4738,some college,Unemployed,76114,0.06224873216491053
20,CA,male,36089,some college,Unemployed,420227,0.08587977450282823
20,NV,male,1018,some college,Unemployed,24994,0.04072977514603505
20,OR,male,2398,some college,Unemployed,38859,0.06171028590545305
20,WA,male,4009,some college,Unemployed,74182,0.054042759699118384
20,CA,male,141,bachelors,Unemployed,3186,0.044256120527306965
25,AZ,male,3941,less than highschool,Unemployed,37254,0.10578729800826757
25,CA,male,20007,less than highschool,Unemployed,183848,0.10882359340324615
25,NV,male,3307,less than highschool,Unemployed,20670,0.15999032414126754
25,OR,male,2465,less than highschool,Unemployed,17488,0.14095379688929552
25,WA,male,3564,less than highschool,Unemployed,25385,0.14039787275950363
25,AZ,male,6403,highschool or equivalent,Unemployed,101528,0.06306634622961153
25,CA,male,46167,highschool or equivalent,Unemployed,574897,0.08030481981989818
25,NV,male,3485,highschool or equivalent,Unemployed,49863,0.0698915027174458
25,OR,male,3633,highschool or equivalent,Unemployed,59811,0.06074133520589858
25,WA,male,9266,highschool or equivalent,Unemployed,117553,0.07882401980383316
25,AZ,male,7028,some college,Unemployed,161739,0.043452723214561735
25,CA,male,56059,some college,Unemployed,992792,0.056466006978299586
25,NV,male,2923,some college,Unemployed,72125,0.04052686308492201
25,OR,male,4307,some college,Unemployed,92508,0.046558135512604314
25,WA,male,6697,some college,Unemployed,163987,0.04083860305999866
25,AZ,male,1786,bachelors,Unemployed,54379,0.032843560933448576
25,CA,male,14916,bachelors,Unemployed,416772,0.03578935245170021
25,NV,male,464,bachelors,Unemployed,17763,0.026121713674491922
25,OR,male,1445,bachelors,Unemployed,41338,0.03495573080458658
25,WA,male,2325,bachelors,Unemployed,80390,0.02892150765020525
25,AZ,male,49,masters,Unemployed,5803,0.008443908323281062
25,CA,male,1353,masters,Unemployed,38879,0.03480027778492245
25,WA,male,24,masters,Unemployed,6735,0.0035634743875278397
25,CA,male,147,professional or phd,Unemployed,6360,0.02311320754716981
30,AZ,male,3313,less than highschool,Unemployed,35714,0.09276474211793695
30,CA,male,19149,less than highschool,Unemployed,240643,0.0795743071687105
30,NV,male,899,less than highschool,Unemployed,16928,0.05310727788279773
30,OR,male,1698,less than highschool,Unemployed,17395,0.09761425697039379
30,WA,male,1999,less than highschool,Unemployed,28593,0.06991221627671108
30,AZ,male,5154,highschool or equivalent,Unemployed,84365,0.06109168494043739
30,CA,male,29559,highschool or equivalent,Unemployed,499497,0.05917753259779338
30,NV,male,3221,highschool or equivalent,Unemployed,43799,0.07354049179205005
30,OR,male,3100,highschool or equivalent,Unemployed,46756,0.0663016511249893
30,WA,male,5088,highschool or equivalent,Unemployed,95308,0.05338481554538969
30,AZ,male,4353,some college,Unemployed,142072,0.03063939411002872
30,CA,male,32089,some college,Unemployed,772888,0.041518305368953845
30,NV,male,2151,some college,Unemployed,70019,0.030720233079592683
30,OR,male,2383,some college,Unemployed,77095,0.030909916336986833
30,WA,male,3322,some college,Unemployed,142120,0.023374613003095974
30,AZ,male,1908,bachelors,Unemployed,79132,0.02411161097912349
30,CA,male,15875,bachelors,Unemployed,653326,0.024298742128738178
30,NV,male,962,bachelors,Unemployed,30872,0.03116092251878725
30,OR,male,1751,bachelors,Unemployed,67670,0.025875572631890054
30,WA,male,1694,bachelors,Unemployed,115780,0.014631197097944377
30,AZ,male,485,masters,Unemployed,20629,0.023510591885210142
30,CA,male,2916,masters,Unemployed,170053,0.01714759516150847
30,NV,male,77,masters,Unemployed,6671,0.011542497376705142
30,OR,male,316,masters,Unemployed,14101,0.022409758173179205
30,WA,male,364,masters,Unemployed,38681,0.009410304800806598
30,CA,male,1775,professional or phd,Unemployed,61763,0.028738888978838462
30,WA,male,107,professional or phd,Unemployed,9730,0.010996916752312435
35,AZ,male,2669,less than highschool,Unemployed,40274,0.06627104335303173
35,CA,male,11136,less than highschool,Unemployed,290686,0.038309378504640744
35,NV,male,821,less than highschool,Unemployed,20501,0.04004682698404956
35,OR,male,1066,less than highschool,Unemployed,18012,0.05918276704419276
35,WA,male,1675,less than highschool,Unemployed,33152,0.05052485521235521
35,AZ,male,2212,highschool or equivalent,Unemployed,67231,0.0329014888964912
35,CA,male,20113,highschool or equivalent,Unemployed,444231,0.04527599379602054
35,NV,male,2598,highschool or equivalent,Unemployed,44104,0.05890622165789951
35,OR,male,2584,highschool or equivalent,Unemployed,44188,0.05847741468271929
35,WA,male,4422,highschool or equivalent,Unemployed,82154,0.053825741899359736
35,AZ,male,3730,some college,Unemployed,122918,0.030345433541059893
35,CA,male,18914,some college,Unemployed,659223,0.02869135330533067
35,NV,male,2344,some college,Unemployed,56648,0.04137833639316481
35,OR,male,2770,some college,Unemployed,77290,0.03583904774226938
35,WA,male,3440,some college,Unemployed,135910,0.025310867485836216
35,AZ,male,1714,bachelors,Unemployed,68964,0.024853546778029117
35,CA,male,9555,bachelors,Unemployed,555147,0.017211657452890855
35,NV,male,397,bachelors,Unemployed,28317,0.014019846735176748
35,OR,male,819,bachelors,Unemployed,55046,0.014878465283581005
35,WA,male,1599,bachelors,Unemployed,104872,0.015247158440765886
35,CA,male,2107,masters,Unemployed,218251,0.00965402220379288
35,OR,male,165,masters,Unemployed,25860,0.0063805104408352666
35,WA,male,544,masters,Unemployed,48407,0.011238044084533228
35,AZ,male,92,professional or phd,Unemployed,9037,0.010180369591678654
35,CA,male,949,professional or phd,Unemployed,99606,0.009527538501696685
35,WA,male,202,professional or phd,Unemployed,19167,0.01053894714874524
40,AZ,male,629,less than highschool,Unemployed,46555,0.01351090108473848
40,CA,male,14219,less than highschool,Unemployed,317756,0.04474817155301552
40,NV,male,1817,less than highschool,Unemployed,23031,0.07889366506013634
40,OR,male,1412,less than highschool,Unemployed,22743,0.06208503715428923
40,WA,male,1301,less than highschool,Unemployed,30002,0.04336377574828345
40,AZ,male,3062,highschool or equivalent,Unemployed,70443,0.043467768266541744
40,CA,male,15367,highschool or equivalent,Unemployed,397077,0.03870030246022812
40,NV,male,1950,highschool or equivalent,Unemployed,38394,0.050789185810282855
40,OR,male,2846,highschool or equivalent,Unemployed,40445,0.07036716528619112
40,WA,male,3267,highschool or equivalent,Unemployed,72386,0.045133036775067005
40,AZ,male,2147,some college,Unemployed,112736,0.01904449332954868
40,CA,male,15901,some college,Unemployed,572318,0.02778350497450718
40,NV,male,1958,some college,Unemployed,52907,0.03700833538095148
40,OR,male,1664,some college,Unemployed,73660,0.022590279663317947
40,WA,male,3802,some college,Unemployed,131806,0.0288454243357662
40,AZ,male,759,bachelors,Unemployed,66523,0.011409587661410339
40,CA,male,6816,bachelors,Unemployed,494409,0.01378615680539796
40,NV,male,84,bachelors,Unemployed,24167,0.0034758141267017006
40,OR,male,1838,bachelors,Unemployed,57654,0.03187983487702501
40,WA,male,859,bachelors,Unemployed,95654,0.008980283103686202
40,AZ,male,29,masters,Unemployed,31817,9.114624257472421e-4
40,CA,male,2133,masters,Unemployed,221403,0.009634015799243913
40,OR,male,79,masters,Unemployed,23327,0.003386633514811163
40,WA,male,387,masters,Unemployed,40108,0.00964894784082976
40,CA,male,1055,professional or phd,Unemployed,97972,0.010768382803249908
40,OR,male,483,professional or phd,Unemployed,11400,0.042368421052631576
40,WA,male,230,professional or phd,Unemployed,16930,0.013585351447135264
45,AZ,male,1944,less than highschool,Unemployed,43279,0.04491785854571501
45,CA,male,10811,less than highschool,Unemployed,370431,0.029184922428198503
45,NV,male,1492,less than highschool,Unemployed,20497,0.07279114016685369
45,WA,male,2084,less than highschool,Unemployed,30859,0.06753297255257786
45,AZ,male,2685,highschool or equivalent,Unemployed,68748,0.03905568161982894
45,CA,male,13388,highschool or equivalent,Unemployed,388529,0.03445817429329599
45,NV,male,2329,highschool or equivalent,Unemployed,44417,0.052434878537496905
45,OR,male,1625,highschool or equivalent,Unemployed,40773,0.03985480587643784
45,WA,male,2690,highschool or equivalent,Unemployed,71087,0.03784095544895691
45,AZ,male,1775,some college,Unemployed,109214,0.01625249510136063
45,CA,male,16770,some college,Unemployed,586263,0.028604909400729708
45,NV,male,2314,some college,Unemployed,60038,0.03854225657083847
45,OR,male,2462,some college,Unemployed,66126,0.037231951123612494
45,WA,male,3287,some college,Unemployed,120367,0.027308149243563434
45,AZ,male,398,bachelors,Unemployed,65401,0.006085533860338527
45,CA,male,8801,bachelors,Unemployed,474665,0.018541497687843005
45,NV,male,614,bachelors,Unemployed,28648,0.02143256073722424
45,OR,male,322,bachelors,Unemployed,50896,0.006326626846903489
45,WA,male,953,bachelors,Unemployed,93513,0.010191096425095976
45,AZ,male,566,masters,Unemployed,32504,0.017413241447206497
45,CA,male,2413,masters,Unemployed,205795,0.011725260574843898
45,NV,male,329,masters,Unemployed,11541,0.02850706177974179
45,OR,male,522,masters,Unemployed,21418,0.024372023531608927
45,WA,male,120,masters,Unemployed,39975,0.00300187617260788
45,CA,male,817,professional or phd,Unemployed,93936,0.008697411003236247
45,NV,male,69,professional or phd,Unemployed,4980,0.013855421686746987
45,WA,male,283,professional or phd,Unemployed,18229,0.015524713368807943
50,AZ,male,828,less than highschool,Unemployed,47198,0.017543116233738717
50,CA,male,13036,less than highschool,Unemployed,368228,0.03540197920853384
50,NV,male,1136,less than highschool,Unemployed,23308,0.04873863051312854
50,OR,male,964,less than highschool,Unemployed,23716,0.0406476640242874
50,WA,male,1470,less than highschool,Unemployed,26661,0.05513671655226736
50,AZ,male,2926,highschool or equivalent,Unemployed,70847,0.0413002667720581
50,CA,male,14983,highschool or equivalent,Unemployed,395412,0.03789212264675832
50,NV,male,2091,highschool or equivalent,Unemployed,46252,0.045208855833261265
50,OR,male,2078,highschool or equivalent,Unemployed,39828,0.052174349703726024
50,WA,male,2516,highschool or equivalent,Unemployed,77672,0.03239262539911422
50,AZ,male,2244,some college,Unemployed,110607,0.020288046868643033
50,CA,male,15070,some college,Unemployed,585082,0.025757073367493787
50,NV,male,1420,some college,Unemployed,46406,0.030599491445071757
50,OR,male,1371,some college,Unemployed,68993,0.0198715811749018
50,WA,male,2974,some college,Unemployed,126884,0.023438731439740235
50,AZ,male,764,bachelors,Unemployed,68644,0.011129887535691394
50,CA,male,9037,bachelors,Unemployed,442192,0.020436823823135653
50,NV,male,1071,bachelors,Unemployed,25199,0.042501686574864084
50,OR,male,1126,bachelors,Unemployed,42681,0.026381762376701576
50,WA,male,1467,bachelors,Unemployed,92377,0.015880576333935935
50,AZ,male,512,masters,Unemployed,26462,0.019348499735469732
50,CA,male,2701,masters,Unemployed,195742,0.013798775939757436
50,NV,male,181,masters,Unemployed,9694,0.018671343098824015
50,OR,male,393,masters,Unemployed,19903,0.019745766969803548
50,WA,male,244,masters,Unemployed,34849,0.007001635627995065
50,AZ,male,56,professional or phd,Unemployed,8916,0.006280843427545985
50,CA,male,731,professional or phd,Unemployed,93512,0.00781717854393019
50,WA,male,281,professional or phd,Unemployed,17571,0.015992259973820498
55,AZ,male,1356,less than highschool,Unemployed,33097,0.04097048070822129
55,CA,male,14812,less than highschool,Unemployed,313508,0.04724600329178203
55,NV,male,1269,less than highschool,Unemployed,20304,0.0625
55,OR,male,1355,less than highschool,Unemployed,18338,0.07389028247355219
55,WA,male,1430,less than highschool,Unemployed,29102,0.049137516321902275
55,AZ,male,3131,highschool or equivalent,Unemployed,76986,0.04066973215909386
55,CA,male,13791,highschool or equivalent,Unemployed,392864,0.03510375091634764
55,NV,male,1494,highschool or equivalent,Unemployed,41462,0.0360329940668564
55,OR,male,1498,highschool or equivalent,Unemployed,44803,0.03343526103162735
55,WA,male,2413,highschool or equivalent,Unemployed,83834,0.028783071307584035
55,AZ,male,2442,some college,Unemployed,111300,0.021940700808625337
55,CA,male,18892,some college,Unemployed,608450,0.031049387788643273
55,NV,male,1300,some college,Unemployed,44778,0.02903211398454598
55,OR,male,2864,some college,Unemployed,76085,0.03764211079713478
55,WA,male,3397,some college,Unemployed,134855,0.02519001890919877
55,AZ,male,1161,bachelors,Unemployed,60651,0.019142305980115744
55,CA,male,10554,bachelors,Unemployed,419349,0.025167581179399497
55,NV,male,435,bachelors,Unemployed,20890,0.020823360459550026
55,OR,male,1224,bachelors,Unemployed,37466,0.03266962045588
55,WA,male,1744,bachelors,Unemployed,84425,0.020657388214391472
55,AZ,male,118,masters,Unemployed,24593,0.0047981132842678815
55,CA,male,3963,masters,Unemployed,171927,0.023050480727285418
55,NV,male,596,masters,Unemployed,10193,0.05847150004905327
55,OR,male,417,masters,Unemployed,18329,0.02275083201483987
55,WA,male,434,masters,Unemployed,35458,0.012239833041908737
55,CA,male,769,professional or phd,Unemployed,81510,0.009434425223898908
55,OR,male,172,professional or phd,Unemployed,8115,0.02119531731361676
55,WA,male,329,professional or phd,Unemployed,13261,0.024809592036799638
60,AZ,male,1099,less than highschool,Unemployed,25576,0.04296997184860807
60,CA,male,12180,less than highschool,Unemployed,249858,0.048747688687174315
60,NV,male,521,less than highschool,Unemployed,13049,0.039926431144148976
60,OR,male,1209,less than highschool,Unemployed,12335,0.09801378192136198
60,WA,male,308,less than highschool,Unemployed,20728,0.014859127749903512
60,AZ,male,2917,highschool or equivalent,Unemployed,64124,0.045489988147963324
60,CA,male,11922,highschool or equivalent,Unemployed,315078,0.03783824957629539
60,NV,male,1882,highschool or equivalent,Unemployed,34240,0.05496495327102804
60,OR,male,2208,highschool or equivalent,Unemployed,39180,0.05635528330781011
60,WA,male,2764,highschool or equivalent,Unemployed,74054,0.03732411483512032
60,AZ,male,3432,some college,Unemployed,93797,0.03658965638559868
60,CA,male,14952,some college,Unemployed,535535,0.027919743807594277
60,NV,male,704,some college,Unemployed,44734,0.01573747038047123
60,OR,male,2479,some college,Unemployed,73426,0.03376188271184594
60,WA,male,2351,some college,Unemployed,119348,0.019698696249622952
60,AZ,male,1181,bachelors,Unemployed,50509,0.023381971529826368
60,CA,male,10646,bachelors,Unemployed,345062,0.030852426520451396
60,NV,male,1090,bachelors,Unemployed,19730,0.055245818550430814
60,OR,male,566,bachelors,Unemployed,35885,0.01577260693883238
60,WA,male,1158,bachelors,Unemployed,70887,0.016335858478987685
60,AZ,male,324,masters,Unemployed,22635,0.014314115308151094
60,CA,male,4407,masters,Unemployed,156429,0.028172525554724506
60,NV,male,317,masters,Unemployed,7162,0.044261379502932144
60,OR,male,366,masters,Unemployed,15527,0.023571842596766923
60,WA,male,199,masters,Unemployed,34139,0.005829110401593485
60,CA,male,1324,professional or phd,Unemployed,79969,0.016556415611049282
60,NV,male,241,professional or phd,Unemployed,4012,0.060069790628115655
60,WA,male,142,professional or phd,Unemployed,13322,0.010659060201170995
65,AZ,male,278,less than highschool,Unemployed,14618,0.019017649473252154
65,CA,male,3276,less than highschool,Unemployed,139632,0.02346167067720866
65,OR,male,67,less than highschool,Unemployed,7416,0.009034519956850054
65,WA,male,181,less than highschool,Unemployed,13532,0.013375702039609813
65,AZ,male,567,highschool or equivalent,Unemployed,32630,0.017376647257125344
65,CA,male,4674,highschool or equivalent,Unemployed,163214,0.028637249255578565
65,NV,male,362,highschool or equivalent,Unemployed,20245,0.017880958261299085
65,OR,male,304,highschool or equivalent,Unemployed,22641,0.01342696877346407
65,WA,male,622,highschool or equivalent,Unemployed,38101,0.01632503083908559
65,AZ,male,2404,some college,Unemployed,62848,0.0382510183299389
65,CA,male,9272,some college,Unemployed,320407,0.028938194234208365
65,NV,male,645,some college,Unemployed,26488,0.024350649350649352
65,OR,male,1270,some college,Unemployed,49682,0.025562577996054908
65,WA,male,1084,some college,Unemployed,81337,0.013327268032998512
65,AZ,male,1229,bachelors,Unemployed,36359,0.03380180973074067
65,CA,male,6365,bachelors,Unemployed,232725,0.02734987646363734
65,NV,male,72,bachelors,Unemployed,14354,0.005016023408109238
65,OR,male,731,bachelors,Unemployed,29538,0.024747782517435167
65,WA,male,630,bachelors,Unemployed,51305,0.012279504921547607
65,AZ,male,452,masters,Unemployed,21027,0.0214961715889095
65,CA,male,2638,masters,Unemployed,104476,0.025249818140051304
65,NV,male,104,masters,Unemployed,5508,0.01888162672476398
65,OR,male,260,masters,Unemployed,14335,0.018137425880711544
65,WA,male,296,masters,Unemployed,26416,0.011205330102967898
65,CA,male,856,professional or phd,Unemployed,71356,0.011996188127137172
65,WA,male,235,professional or phd,Unemployed,12571,0.018693819107469572
70,AZ,male,503,less than highschool,Unemployed,5370,0.09366852886405959
70,CA,male,1613,less than highschool,Unemployed,54461,0.029617524467049815
70,NV,male,187,less than highschool,Unemployed,4116,0.04543245869776482
70,AZ,male,261,highschool or equivalent,Unemployed,15578,0.01675439722685839
70,CA,male,1462,highschool or equivalent,Unemployed,64855,0.022542595019659238
70,NV,male,405,highschool or equivalent,Unemployed,8050,0.05031055900621118
70,OR,male,142,highschool or equivalent,Unemployed,8490,0.016725559481743226
70,WA,male,97,highschool or equivalent,Unemployed,15401,0.006298292318680605
70,AZ,male,945,some college,Unemployed,27371,0.034525592780680285
70,CA,male,4222,some college,Unemployed,138277,0.03053291581390976
70,NV,male,635,some college,Unemployed,12539,0.0506419969694553
70,OR,male,321,some college,Unemployed,21428,0.014980399477319396
70,WA,male,155,some college,Unemployed,31116,0.004981360071988687
70,AZ,male,618,bachelors,Unemployed,14857,0.04159655381301743
70,CA,male,2829,bachelors,Unemployed,106223,0.02663265017933969
70,NV,male,231,bachelors,Unemployed,7454,0.030990072444325195
70,WA,male,444,bachelors,Unemployed,23535,0.018865519439133206
70,AZ,male,193,masters,Unemployed,9498,0.020320067382606864
70,CA,male,1722,masters,Unemployed,60307,0.028553899215679773
70,NV,male,217,masters,Unemployed,3766,0.05762081784386617
70,OR,male,321,masters,Unemployed,5641,0.05690480411274597
70,WA,male,347,masters,Unemployed,11768,0.02948674371176071
70,CA,male,1197,professional or phd,Unemployed,44963,0.02662188910882281
70,OR,male,79,professional or phd,Unemployed,4681,0.016876735740226446
75,AZ,male,328,less than highschool,Unemployed,2895,0.11329879101899827
75,CA,male,801,less than highschool,Unemployed,20649,0.038791224756646814
75,AZ,male,161,highschool or equivalent,Unemployed,6807,0.023652122814749522
75,CA,male,748,highschool or equivalent,Unemployed,27316,0.027383218626446038
75,WA,male,71,highschool or equivalent,Unemployed,5489,0.012934960830752414
75,AZ,male,560,some college,Unemployed,12137,0.046139902776633435
75,CA,male,1622,some college,Unemployed,52294,0.031016942670287224
75,NV,male,234,some college,Unemployed,5769,0.0405616224648986
75,OR,male,15,some college,Unemployed,5162,0.002905850445563735
75,WA,male,296,some college,Unemployed,9295,0.03184507799892415
75,AZ,male,50,bachelors,Unemployed,5230,0.009560229445506692
75,CA,male,1059,bachelors,Unemployed,37480,0.028255069370330843
75,WA,male,190,bachelors,Unemployed,7812,0.024321556579621095
75,AZ,male,68,masters,Unemployed,3476,0.019562715765247412
75,CA,male,552,masters,Unemployed,21503,0.025670836627447333
75,WA,male,81,masters,Unemployed,4285,0.018903150525087516
75,CA,male,933,professional or phd,Unemployed,22402,0.04164806713686278
80,CA,male,102,less than highschool,Unemployed,7211,0.014145056164193592
80,CA,male,453,highschool or equivalent,Unemployed,14730,0.03075356415478615
80,NV,male,144,highschool or equivalent,Unemployed,1462,0.09849521203830369
80,WA,male,140,highschool or equivalent,Unemployed,2570,0.054474708171206226
80,AZ,male,67,some college,Unemployed,3939,0.01700939324701701
80,CA,male,598,some college,Unemployed,19256,0.03105525550477773
80,CA,male,475,bachelors,Unemployed,13736,0.034580663948747814
80+,CA,male,419,less than highschool,Unemployed,5994,0.06990323656990324
80+,CA,male,79,highschool or equivalent,Unemployed,8805,0.008972174900624645
80+,CA,male,655,some college,Unemployed,9947,0.06584899969840152
80+,CA,male,228,bachelors,Unemployed,8781,0.025965152032798085
80+,CA,male,16,professional or phd,Unemployed,4970,0.0032193158953722333
20,AZ,female,8887,less than highschool,Unemployed,72527,0.12253367711335089
20,CA,female,26934,less than highschool,Unemployed,208094,0.12943189135679067
20,NV,female,1445,less than highschool,Unemployed,21227,0.0680736797474914
20,OR,female,7493,less than highschool,Unemployed,42506,0.17628099562414717
20,WA,female,5354,less than highschool,Unemployed,63746,0.08398958366015123
20,AZ,female,6774,highschool or equivalent,Unemployed,63674,0.10638565191443917
20,CA,female,33462,highschool or equivalent,Unemployed,334687,0.09997998129595712
20,NV,female,1473,highschool or equivalent,Unemployed,25716,0.05727951469902007
20,OR,female,1732,highschool or equivalent,Unemployed,36125,0.04794463667820069
20,WA,female,4928,highschool or equivalent,Unemployed,63741,0.07731287554321395
20,AZ,female,5192,some college,Unemployed,76114,0.06821346926977954
20,CA,female,32285,some college,Unemployed,420227,0.07682752417145972
20,NV,female,827,some college,Unemployed,24994,0.03308794110586541
20,OR,female,3655,some college,Unemployed,38859,0.09405800458066342
20,WA,female,3990,some college,Unemployed,74182,0.05378663287589981
20,CA,female,379,bachelors,Unemployed,3186,0.1189579409918393
25,AZ,female,3468,less than highschool,Unemployed,37254,0.09309067482686423
25,CA,female,11701,less than highschool,Unemployed,183848,0.0636449675819155
25,NV,female,1087,less than highschool,Unemployed,20670,0.052588292210933724
25,OR,female,801,less than highschool,Unemployed,17488,0.0458028362305581
25,WA,female,2213,less than highschool,Unemployed,25385,0.08717746700807563
25,AZ,female,5242,highschool or equivalent,Unemployed,101528,0.05163107714128122
25,CA,female,33080,highschool or equivalent,Unemployed,574897,0.05754074208075533
25,NV,female,2423,highschool or equivalent,Unemployed,49863,0.04859314521789704
25,OR,female,3627,highschool or equivalent,Unemployed,59811,0.06064101921051312
25,WA,female,3274,highschool or equivalent,Unemployed,117553,0.027851267088036886
25,AZ,female,6984,some college,Unemployed,161739,0.043180679984419344
25,CA,female,44851,some college,Unemployed,992792,0.045176633171903076
25,NV,female,1710,some college,Unemployed,72125,0.02370883882149047
25,OR,female,3899,some college,Unemployed,92508,0.04214770614433346
25,WA,female,4629,some college,Unemployed,163987,0.028227847329361472
25,AZ,female,1296,bachelors,Unemployed,54379,0.023832729546332223
25,CA,female,18630,bachelors,Unemployed,416772,0.04470069966312516
25,NV,female,403,bachelors,Unemployed,17763,0.02268760907504363
25,OR,female,1606,bachelors,Unemployed,41338,0.038850452368281004
25,WA,female,2679,bachelors,Unemployed,80390,0.03332504042791392
25,AZ,female,200,masters,Unemployed,5803,0.03446493193175944
25,CA,female,1239,masters,Unemployed,38879,0.03186810360348774
25,WA,female,162,masters,Unemployed,6735,0.024053452115812918
25,CA,female,198,professional or phd,Unemployed,6360,0.031132075471698113
30,AZ,female,1532,less than highschool,Unemployed,35714,0.042896343170745366
30,CA,female,13707,less than highschool,Unemployed,240643,0.056959894948118164
30,NV,female,1358,less than highschool,Unemployed,16928,0.08022211720226843
30,OR,female,842,less than highschool,Unemployed,17395,0.04840471399827537
30,WA,female,1320,less than highschool,Unemployed,28593,0.04616514531528696
30,AZ,female,4305,highschool or equivalent,Unemployed,84365,0.051028270017187224
30,CA,female,20516,highschool or equivalent,Unemployed,499497,0.041073319759678234
30,NV,female,2724,highschool or equivalent,Unemployed,43799,0.062193200758008174
30,OR,female,1735,highschool or equivalent,Unemployed,46756,0.03710753700059885
30,WA,female,2941,highschool or equivalent,Unemployed,95308,0.030857850337852016
30,AZ,female,5277,some college,Unemployed,142072,0.037143138690241564
30,CA,female,24113,some college,Unemployed,772888,0.03119856952106903
30,NV,female,3143,some college,Unemployed,70019,0.04488781616418401
30,OR,female,2972,some college,Unemployed,77095,0.03854984110513003
30,WA,female,5243,some college,Unemployed,142120,0.03689135941457923
30,AZ,female,2026,bachelors,Unemployed,79132,0.025602790274478086
30,CA,female,12422,bachelors,Unemployed,653326,0.019013478722720356
30,NV,female,1440,bachelors,Unemployed,30872,0.046644208344130605
30,OR,female,1381,bachelors,Unemployed,67670,0.020407861681690558
30,WA,female,1848,bachelors,Unemployed,115780,0.015961305925030228
30,AZ,female,288,masters,Unemployed,20629,0.013960928789568084
30,CA,female,3294,masters,Unemployed,170053,0.019370431571333644
30,NV,female,41,masters,Unemployed,6671,0.0061460050966871535
30,OR,female,195,masters,Unemployed,14101,0.013828806467626409
30,WA,female,614,masters,Unemployed,38681,0.015873426229932007
30,CA,female,1055,professional or phd,Unemployed,61763,0.01708142415361948
30,WA,female,148,professional or phd,Unemployed,9730,0.015210688591983556
35,AZ,female,2509,less than highschool,Unemployed,40274,0.062298256939961265
35,CA,female,11751,less than highschool,Unemployed,290686,0.04042506347054898
35,NV,female,855,less than highschool,Unemployed,20501,0.04170528266913809
35,OR,female,1244,less than highschool,Unemployed,18012,0.06906506773262269
35,WA,female,1672,less than highschool,Unemployed,33152,0.05043436293436294
35,AZ,female,2969,highschool or equivalent,Unemployed,67231,0.044161175648138505
35,CA,female,16788,highschool or equivalent,Unemployed,444231,0.03779114919940301
35,NV,female,1580,highschool or equivalent,Unemployed,44104,0.03582441501904589
35,OR,female,1653,highschool or equivalent,Unemployed,44188,0.03740834615732778
35,WA,female,1677,highschool or equivalent,Unemployed,82154,0.02041288312194172
35,AZ,female,3825,some college,Unemployed,122918,0.03111830651328528
35,CA,female,24810,some college,Unemployed,659223,0.037635216004295965
35,NV,female,2323,some college,Unemployed,56648,0.04100762604151956
35,OR,female,2667,some college,Unemployed,77290,0.03450640445076983
35,WA,female,5840,some college,Unemployed,135910,0.04296961224339636
35,AZ,female,1479,bachelors,Unemployed,68964,0.02144597181137985
35,CA,female,12929,bachelors,Unemployed,555147,0.023289326971054514
35,NV,female,780,bachelors,Unemployed,28317,0.027545290814704946
35,OR,female,601,bachelors,Unemployed,55046,0.010918141191003887
35,WA,female,1719,bachelors,Unemployed,104872,0.016391410481348692
35,CA,female,3213,masters,Unemployed,218251,0.014721582031697449
35,OR,female,551,masters,Unemployed,25860,0.021307037896365042
35,WA,female,559,masters,Unemployed,48407,0.011547916623628814
35,AZ,female,56,professional or phd,Unemployed,9037,0.006196746707978312
35,CA,female,1585,professional or phd,Unemployed,99606,0.015912696022327973
35,WA,female,107,professional or phd,Unemployed,19167,0.005582511608493765
40,AZ,female,2071,less than highschool,Unemployed,46555,0.04448501772097519
40,CA,female,11790,less than highschool,Unemployed,317756,0.03710394138899029
40,NV,female,555,less than highschool,Unemployed,23031,0.02409795493031132
40,OR,female,1785,less than highschool,Unemployed,22743,0.07848568790397045
40,WA,female,839,less than highschool,Unemployed,30002,0.027964802346510234
40,AZ,female,1645,highschool or equivalent,Unemployed,70443,0.023352213846656162
40,CA,female,14164,highschool or equivalent,Unemployed,397077,0.03567066337259524
40,NV,female,1911,highschool or equivalent,Unemployed,38394,0.0497734020940772
40,OR,female,1760,highschool or equivalent,Unemployed,40445,0.04351588577079985
40,WA,female,1860,highschool or equivalent,Unemployed,72386,0.025695576492691958
40,AZ,female,3470,some college,Unemployed,112736,0.030779875106443373
40,CA,female,16045,some college,Unemployed,572318,0.02803511334607683
40,NV,female,2948,some college,Unemployed,52907,0.05572041506794942
40,OR,female,1505,some college,Unemployed,73660,0.020431713277219658
40,WA,female,3698,some college,Unemployed,131806,0.028056385900490113
40,AZ,female,1308,bachelors,Unemployed,66523,0.019662372412549044
40,CA,female,8038,bachelors,Unemployed,494409,0.016257794659886856
40,NV,female,860,bachelors,Unemployed,24167,0.03558571605908884
40,OR,female,608,bachelors,Unemployed,57654,0.01054566899087661
40,WA,female,1447,bachelors,Unemployed,95654,0.015127438476174546
40,AZ,female,376,masters,Unemployed,31817,0.011817581795895276
40,CA,female,3756,masters,Unemployed,221403,0.016964539775883795
40,OR,female,66,masters,Unemployed,23327,0.0028293393921207184
40,WA,female,360,masters,Unemployed,40108,0.00897576543333001
40,CA,female,2190,professional or phd,Unemployed,97972,0.02235332543992161
40,OR,female,137,professional or phd,Unemployed,11400,0.012017543859649123
40,WA,female,109,professional or phd,Unemployed,16930,0.006438275251033668
45,AZ,female,1479,less than highschool,Unemployed,43279,0.03417361768987268
45,CA,female,16952,less than highschool,Unemployed,370431,0.04576290861186024
45,NV,female,1148,less than highschool,Unemployed,20497,0.05600819632141289
45,WA,female,894,less than highschool,Unemployed,30859,0.028970478628601058
45,AZ,female,2475,highschool or equivalent,Unemployed,68748,0.03600104730319428
45,CA,female,11832,highschool or equivalent,Unemployed,388529,0.030453325234409787
45,NV,female,956,highschool or equivalent,Unemployed,44417,0.021523290631965238
45,OR,female,892,highschool or equivalent,Unemployed,40773,0.021877222671866186
45,WA,female,1410,highschool or equivalent,Unemployed,71087,0.019834850253914217
45,AZ,female,2530,some college,Unemployed,109214,0.023165528228981633
45,CA,female,16620,some college,Unemployed,586263,0.028349051534891336
45,NV,female,1668,some college,Unemployed,60038,0.02778240447716446
45,OR,female,2954,some college,Unemployed,66126,0.04467229229047576
45,WA,female,2386,some college,Unemployed,120367,0.019822708882002542
45,AZ,female,921,bachelors,Unemployed,65401,0.014082353480833627
45,CA,female,9855,bachelors,Unemployed,474665,0.020762011102567073
45,NV,female,1020,bachelors,Unemployed,28648,0.03560457972633343
45,OR,female,718,bachelors,Unemployed,50896,0.014107198994027036
45,WA,female,2303,bachelors,Unemployed,93513,0.024627591885620182
45,AZ,female,574,masters,Unemployed,32504,0.017659365001230616
45,CA,female,2436,masters,Unemployed,205795,0.011837022279452854
45,NV,female,91,masters,Unemployed,11541,0.007884931981630709
45,OR,female,240,masters,Unemployed,21418,0.011205528060509852
45,WA,female,500,masters,Unemployed,39975,0.012507817385866166
45,CA,female,887,professional or phd,Unemployed,93936,0.009442599216487822
45,NV,female,126,professional or phd,Unemployed,4980,0.02530120481927711
45,WA,female,370,professional or phd,Unemployed,18229,0.020297328432717098
50,AZ,female,1989,less than highschool,Unemployed,47198,0.042141616170176706
50,CA,female,11776,less than highschool,Unemployed,368228,0.0319801861889916
50,NV,female,695,less than highschool,Unemployed,23308,0.02981808821005663
50,OR,female,607,less than highschool,Unemployed,23716,0.025594535334795075
50,WA,female,353,less than highschool,Unemployed,26661,0.013240313566632909
50,AZ,female,2037,highschool or equivalent,Unemployed,70847,0.02875209959490169
50,CA,female,12156,highschool or equivalent,Unemployed,395412,0.030742617826469608
50,NV,female,2187,highschool or equivalent,Unemployed,46252,0.0472844417538701
50,OR,female,1378,highschool or equivalent,Unemployed,39828,0.03459877473134478
50,WA,female,2220,highschool or equivalent,Unemployed,77672,0.02858172829333608
50,AZ,female,1798,some college,Unemployed,110607,0.016255752348404713
50,CA,female,20279,some college,Unemployed,585082,0.034660098926304346
50,NV,female,1424,some college,Unemployed,46406,0.030685687195621255
50,OR,female,1904,some college,Unemployed,68993,0.027597002594466104
50,WA,female,4212,some college,Unemployed,126884,0.033195674789571576
50,AZ,female,713,bachelors,Unemployed,68644,0.010386923838937126
50,CA,female,9866,bachelors,Unemployed,442192,0.022311575062416326
50,NV,female,597,bachelors,Unemployed,25199,0.023691416326044684
50,OR,female,758,bachelors,Unemployed,42681,0.017759658864600174
50,WA,female,1339,bachelors,Unemployed,92377,0.014494950041677042
50,AZ,female,205,masters,Unemployed,26462,0.00774695790189706
50,CA,female,2803,masters,Unemployed,195742,0.014319870033002625
50,NV,female,306,masters,Unemployed,9694,0.03156591706210027
50,OR,female,51,masters,Unemployed,19903,0.0025624277747073303
50,WA,female,534,masters,Unemployed,34849,0.0153232517432351
50,AZ,female,65,professional or phd,Unemployed,8916,0.007290264692687304
50,CA,female,1224,professional or phd,Unemployed,93512,0.013089229189836599
50,WA,female,29,professional or phd,Unemployed,17571,0.0016504467588640374
55,AZ,female,925,less than highschool,Unemployed,33097,0.027948152400519684
55,CA,female,11876,less than highschool,Unemployed,313508,0.03788101101088329
55,NV,female,1330,less than highschool,Unemployed,20304,0.0655043341213554
55,OR,female,239,less than highschool,Unemployed,18338,0.013033046133711418
55,WA,female,913,less than highschool,Unemployed,29102,0.03137241426706068
55,AZ,female,1198,highschool or equivalent,Unemployed,76986,0.015561270880419817
55,CA,female,11372,highschool or equivalent,Unemployed,392864,0.02894640384458744
55,NV,female,1221,highschool or equivalent,Unemployed,41462,0.029448651777531233
55,OR,female,837,highschool or equivalent,Unemployed,44803,0.01868178470191728
55,WA,female,1910,highschool or equivalent,Unemployed,83834,0.0227831190209223
55,AZ,female,3007,some college,Unemployed,111300,0.02701707097933513
55,CA,female,17653,some college,Unemployed,608450,0.029013065987344894
55,NV,female,1203,some college,Unemployed,44778,0.026865871633391398
55,OR,female,950,some college,Unemployed,76085,0.012486035355194849
55,WA,female,2690,some college,Unemployed,134855,0.019947350858329316
55,AZ,female,1235,bachelors,Unemployed,60651,0.020362401279451287
55,CA,female,9394,bachelors,Unemployed,419349,0.022401388819336638
55,NV,female,469,bachelors,Unemployed,20890,0.022450933460986117
55,OR,female,1521,bachelors,Unemployed,37466,0.04059680777238029
55,WA,female,732,bachelors,Unemployed,84425,0.008670417530352383
55,AZ,female,65,masters,Unemployed,24593,0.0026430285040458666
55,CA,female,3416,masters,Unemployed,171927,0.0198688978461789
55,NV,female,231,masters,Unemployed,10193,0.022662611596193465
55,OR,female,386,masters,Unemployed,18329,0.02105952316001964
55,WA,female,493,masters,Unemployed,35458,0.013903773478481584
55,CA,female,1102,professional or phd,Unemployed,81510,0.01351981351981352
55,OR,female,166,professional or phd,Unemployed,8115,0.020455945779420826
55,WA,female,186,professional or phd,Unemployed,13261,0.014026091546640525
60,AZ,female,596,less than highschool,Unemployed,25576,0.023303096653112292
60,CA,female,8783,less than highschool,Unemployed,249858,0.03515196631686798
60,NV,female,471,less than highschool,Unemployed,13049,0.03609471990190819
60,OR,female,60,less than highschool,Unemployed,12335,0.004864207539521687
60,WA,female,995,less than highschool,Unemployed,20728,0.04800270165959089
60,AZ,female,1426,highschool or equivalent,Unemployed,64124,0.02223816355810617
60,CA,female,9026,highschool or equivalent,Unemployed,315078,0.028646874742127345
60,NV,female,1133,highschool or equivalent,Unemployed,34240,0.03308995327102804
60,OR,female,784,highschool or equivalent,Unemployed,39180,0.020010209290454314
60,WA,female,981,highschool or equivalent,Unemployed,74054,0.013247089961379533
60,AZ,female,2474,some college,Unemployed,93797,0.026376110110131454
60,CA,female,14776,some college,Unemployed,535535,0.02759110048829675
60,NV,female,1781,some college,Unemployed,44734,0.039813117539231904
60,OR,female,1469,some college,Unemployed,73426,0.020006537193909515
60,WA,female,3016,some college,Unemployed,119348,0.025270637128397628
60,AZ,female,1713,bachelors,Unemployed,50509,0.033914747866716825
60,CA,female,6517,bachelors,Unemployed,345062,0.018886460983823197
60,NV,female,355,bachelors,Unemployed,19730,0.01799290420679169
60,OR,female,646,bachelors,Unemployed,35885,0.01800195067576982
60,WA,female,1824,bachelors,Unemployed,70887,0.02573109314825003
60,AZ,female,214,masters,Unemployed,22635,0.009454384802297327
60,CA,female,2301,masters,Unemployed,156429,0.014709548740962353
60,NV,female,338,masters,Unemployed,7162,0.047193521362747834
60,OR,female,234,masters,Unemployed,15527,0.015070522315965737
60,WA,female,250,masters,Unemployed,34139,0.007323003017077243
60,CA,female,1970,professional or phd,Unemployed,79969,0.02463454588653103
60,NV,female,47,professional or phd,Unemployed,4012,0.011714855433698903
60,WA,female,55,professional or phd,Unemployed,13322,0.0041285092328479205
65,AZ,female,758,less than highschool,Unemployed,14618,0.05185387877958681
65,CA,female,4736,less than highschool,Unemployed,139632,0.03391772659562278
65,OR,female,488,less than highschool,Unemployed,7416,0.06580366774541532
65,WA,female,442,less than highschool,Unemployed,13532,0.032663316582914576
65,AZ,female,884,highschool or equivalent,Unemployed,32630,0.027091633466135457
65,CA,female,4116,highschool or equivalent,Unemployed,163214,0.025218424890021688
65,NV,female,603,highschool or equivalent,Unemployed,20245,0.029785132131390467
65,OR,female,438,highschool or equivalent,Unemployed,22641,0.019345435272293626
65,WA,female,526,highschool or equivalent,Unemployed,38101,0.013805411931445369
65,AZ,female,617,some college,Unemployed,62848,0.009817337067209777
65,CA,female,7669,some college,Unemployed,320407,0.023935182439834335
65,NV,female,511,some college,Unemployed,26488,0.019291754756871036
65,OR,female,386,some college,Unemployed,49682,0.007769413469667082
65,WA,female,724,some college,Unemployed,81337,0.008901238058939966
65,AZ,female,848,bachelors,Unemployed,36359,0.023322973679144092
65,CA,female,4909,bachelors,Unemployed,232725,0.021093565366849285
65,NV,female,345,bachelors,Unemployed,14354,0.024035112163856766
65,OR,female,232,bachelors,Unemployed,29538,0.007854289389938384
65,WA,female,1131,bachelors,Unemployed,51305,0.022044635025825942
65,AZ,female,425,masters,Unemployed,21027,0.020212108241784373
65,CA,female,1750,masters,Unemployed,104476,0.016750258432558673
65,NV,female,60,masters,Unemployed,5508,0.010893246187363835
65,OR,female,382,masters,Unemployed,14335,0.026648064178583886
65,WA,female,574,masters,Unemployed,26416,0.021729254996971533
65,CA,female,528,professional or phd,Unemployed,71356,0.0073995179101967595
65,WA,female,171,professional or phd,Unemployed,12571,0.013602736456924667
70,AZ,female,193,less than highschool,Unemployed,5370,0.03594040968342644
70,CA,female,1250,less than highschool,Unemployed,54461,0.022952204329703824
70,NV,female,771,less than highschool,Unemployed,4116,0.18731778425655976
70,AZ,female,283,highschool or equivalent,Unemployed,15578,0.018166645268969057
70,CA,female,1491,highschool or equivalent,Unemployed,64855,0.0229897463572585
70,NV,female,63,highschool or equivalent,Unemployed,8050,0.00782608695652174
70,OR,female,89,highschool or equivalent,Unemployed,8490,0.010482921083627797
70,WA,female,38,highschool or equivalent,Unemployed,15401,0.0024673722485552886
70,AZ,female,498,some college,Unemployed,27371,0.018194439370136276
70,CA,female,3556,some college,Unemployed,138277,0.025716496597409547
70,NV,female,888,some college,Unemployed,12539,0.07081904458090757
70,OR,female,661,some college,Unemployed,21428,0.030847489266380437
70,WA,female,1224,some college,Unemployed,31116,0.039336675665252605
70,AZ,female,285,bachelors,Unemployed,14857,0.01918287675843037
70,CA,female,1125,bachelors,Unemployed,106223,0.010590926635474427
70,NV,female,107,bachelors,Unemployed,7454,0.014354708881137644
70,WA,female,289,bachelors,Unemployed,23535,0.012279583598895262
70,AZ,female,280,masters,Unemployed,9498,0.029479890503263845
70,CA,female,894,masters,Unemployed,60307,0.014824149767025386
70,NV,female,64,masters,Unemployed,3766,0.016994158258098777
70,OR,female,204,masters,Unemployed,5641,0.03616380074454884
70,WA,female,229,masters,Unemployed,11768,0.019459551325628825
70,CA,female,168,professional or phd,Unemployed,44963,0.0037364054889575875
70,OR,female,24,professional or phd,Unemployed,4681,0.005127109591967528
75,AZ,female,96,less than highschool,Unemployed,2895,0.03316062176165803
75,CA,female,188,less than highschool,Unemployed,20649,0.009104557121410237
75,AZ,female,41,highschool or equivalent,Unemployed,6807,0.006023211400029382
75,CA,female,932,highschool or equivalent,Unemployed,27316,0.034119197539903355
75,WA,female,30,highschool or equivalent,Unemployed,5489,0.005465476407360175
75,AZ,female,288,some college,Unemployed,12137,0.023729092856554338
75,CA,female,1103,some college,Unemployed,52294,0.021092285921903087
75,NV,female,117,some college,Unemployed,5769,0.0202808112324493
75,OR,female,105,some college,Unemployed,5162,0.020340953118946146
75,WA,female,236,some college,Unemployed,9295,0.025389994620763853
75,AZ,female,100,bachelors,Unemployed,5230,0.019120458891013385
75,CA,female,563,bachelors,Unemployed,37480,0.015021344717182498
75,WA,female,392,bachelors,Unemployed,7812,0.05017921146953405
75,AZ,female,249,masters,Unemployed,3476,0.07163406214039125
75,CA,female,263,masters,Unemployed,21503,0.012230851509091754
75,WA,female,207,masters,Unemployed,4285,0.04830805134189031
75,CA,female,125,professional or phd,Unemployed,22402,0.005579858941165967
80,CA,female,107,less than highschool,Unemployed,7211,0.014838441270281515
80,CA,female,97,highschool or equivalent,Unemployed,14730,0.0065852002715546505
80,NV,female,81,highschool or equivalent,Unemployed,1462,0.05540355677154583
80,WA,female,189,highschool or equivalent,Unemployed,2570,0.07354085603112841
80,AZ,female,171,some college,Unemployed,3939,0.04341203351104341
80,CA,female,1081,some college,Unemployed,19256,0.056138346489405896
80,CA,female,189,bachelors,Unemployed,13736,0.013759464181712288
80+,CA,female,590,less than highschool,Unemployed,5994,0.09843176509843177
80+,CA,female,267,highschool or equivalent,Unemployed,8805,0.030323679727427597
80+,CA,female,143,some college,Unemployed,9947,0.014376193827284608
80+,CA,female,56,bachelors,Unemployed,8781,0.006377405762441635
80+,CA,female,65,professional or phd,Unemployed,4970,0.013078470824949699
