age_cat,stab,variable,value,educ,unemp_cat,tot,ur
20,All,male,47882,less than highschool,Unemployed,314346,0.15232259993764832
20,All,male,49949,highschool or equivalent,Unemployed,434553,0.11494340161039045
20,All,male,42496,some college,Unemployed,533268,0.07968976199584449
20,All,male,141,bachelors,Unemployed,4381,0.03218443277790459
25,All,male,26036,less than highschool,Unemployed,226721,0.11483717873509733
25,All,male,59066,highschool or equivalent,Unemployed,752261,0.07851796118634356
25,All,male,67063,some college,Unemployed,1249287,0.05368101965361042
25,All,male,18686,bachelors,Unemployed,538500,0.03470009285051068
25,All,male,1377,masters,Unemployed,48756,0.028242677824267783
25,All,male,147,professional or phd,Unemployed,7280,0.020192307692307693
30,All,male,22846,less than highschool,Unemployed,286631,0.07970526565514546
30,All,male,37747,highschool or equivalent,Unemployed,641561,0.05883618237392859
30,All,male,37794,some college,Unemployed,992103,0.03809483491129449
30,All,male,19320,bachelors,Unemployed,836776,0.023088616308307122
30,All,male,3596,masters,Unemployed,222835,0.01613750084142976
30,All,male,2052,professional or phd,Unemployed,78258,0.026220961435252627
35,All,male,13877,less than highschool,Unemployed,341850,0.04059382770220857
35,All,male,27119,highschool or equivalent,Unemployed,570573,0.047529413414234466
35,All,male,25124,some college,Unemployed,872423,0.02879795695436732
35,All,male,11973,bachelors,Unemployed,715065,0.016743932369784564
35,All,male,2816,masters,Unemployed,292518,0.009626758011472798
35,All,male,1151,professional or phd,Unemployed,127925,0.008997459448895838
40,All,male,16932,less than highschool,Unemployed,370501,0.04570028151071117
40,All,male,21480,highschool or equivalent,Unemployed,509908,0.04212524612283
40,All,male,21367,some college,Unemployed,777784,0.027471637369758186
40,All,male,9513,bachelors,Unemployed,647717,0.01468696977229253
40,All,male,2599,masters,Unemployed,284838,0.009124484794865854
40,All,male,1768,professional or phd,Unemployed,126302,0.013998194802932653
45,All,male,13459,less than highschool,Unemployed,420445,0.03201132133810605
45,All,male,17703,highschool or equivalent,Unemployed,500389,0.03537847554602519
45,All,male,22519,some college,Unemployed,772756,0.029141151928940054
45,All,male,10076,bachelors,Unemployed,619074,0.01627592177994876
45,All,male,3055,masters,Unemployed,267188,0.011433896731889156
45,All,male,1100,professional or phd,Unemployed,120638,0.009118188298877634
50,All,male,15470,less than highschool,Unemployed,418605,0.03695608031437751
50,All,male,19577,highschool or equivalent,Unemployed,512912,0.038168340768006986
50,All,male,19415,some college,Unemployed,780959,0.024860460024149794
50,All,male,11630,bachelors,Unemployed,577250,0.02014724989172802
50,All,male,3338,masters,Unemployed,250494,0.013325668479085328
50,All,male,1012,professional or phd,Unemployed,116852,0.008660527847191318
55,All,male,17597,less than highschool,Unemployed,360948,0.048752174828507154
55,All,male,17702,highschool or equivalent,Unemployed,521501,0.03394432608949935
55,All,male,25153,some college,Unemployed,819390,0.0306972259851841
55,All,male,13522,bachelors,Unemployed,541240,0.02498337151725667
55,All,male,4814,masters,Unemployed,225714,0.021327875098576074
55,All,male,1270,professional or phd,Unemployed,102886,0.012343759112026904
60,All,male,13697,less than highschool,Unemployed,282921,0.048412807815609304
60,All,male,16894,highschool or equivalent,Unemployed,428312,0.039443209622891724
60,All,male,19782,some college,Unemployed,728309,0.027161548189024165
60,All,male,12370,bachelors,Unemployed,451834,0.0273773111363908
60,All,male,4972,masters,Unemployed,206095,0.02412479681700187
60,All,male,1466,professional or phd,Unemployed,99773,0.01469335391338338
65,All,male,3524,less than highschool,Unemployed,160580,0.021945447751899366
65,All,male,5600,highschool or equivalent,Unemployed,223956,0.025004911679079818
65,All,male,11626,some college,Unemployed,451426,0.0257539441680364
65,All,male,7726,bachelors,Unemployed,313568,0.02463899377487499
65,All,male,3194,masters,Unemployed,145227,0.021993155542702116
65,All,male,1167,professional or phd,Unemployed,91534,0.012749360893220006
70,All,male,1613,less than highschool,Unemployed,60247,0.026773117333643168
70,All,male,1701,highschool or equivalent,Unemployed,88746,0.019167061050638902
70,All,male,4698,some college,Unemployed,190821,0.024619931768516044
70,All,male,3307,bachelors,Unemployed,141843,0.023314509704391476
70,All,male,2390,masters,Unemployed,77716,0.030752998095630243
70,All,male,1428,professional or phd,Unemployed,56981,0.025060985240694268
75,All,male,844,less than highschool,Unemployed,24126,0.034983005885766395
75,All,male,1505,highschool or equivalent,Unemployed,36319,0.041438365593766346
75,All,male,1933,some college,Unemployed,66751,0.028958367664903898
75,All,male,1249,bachelors,Unemployed,48408,0.02580152040984961
75,All,male,724,masters,Unemployed,27285,0.026534726039948688
75,All,male,1023,professional or phd,Unemployed,26405,0.03874266237455028
80,All,male,102,less than highschool,Unemployed,8573,0.011897818733232242
80,All,male,593,highschool or equivalent,Unemployed,19306,0.030715839635346524
80,All,male,598,some college,Unemployed,25611,0.023349342079575182
80,All,male,503,bachelors,Unemployed,16965,0.029649277925139994
80+,All,male,419,less than highschool,Unemployed,7480,0.05601604278074866
80+,All,male,248,highschool or equivalent,Unemployed,10740,0.02309124767225326
80+,All,male,655,some college,Unemployed,12057,0.054325288214315336
80+,All,male,364,bachelors,Unemployed,11215,0.03245653143111904
80+,All,male,98,professional or phd,Unemployed,6034,0.016241299303944315
20,All,female,39781,less than highschool,Unemployed,314346,0.1265516341865333
20,All,female,40122,highschool or equivalent,Unemployed,434553,0.09232935913455896
20,All,female,39930,some college,Unemployed,533268,0.07487792254551183
20,All,female,379,bachelors,Unemployed,4381,0.08650992923989957
25,All,female,14715,less than highschool,Unemployed,226721,0.06490355988196947
25,All,female,39981,highschool or equivalent,Unemployed,752261,0.05314777716776491
25,All,female,53379,some college,Unemployed,1249287,0.042727571806958686
25,All,female,22915,bachelors,Unemployed,538500,0.04255338904363974
25,All,female,1632,masters,Unemployed,48756,0.03347280334728033
25,All,female,271,professional or phd,Unemployed,7280,0.037225274725274725
30,All,female,15869,less than highschool,Unemployed,286631,0.0553638650390223
30,All,female,25192,highschool or equivalent,Unemployed,641561,0.03926672600111291
30,All,female,32328,some college,Unemployed,992103,0.03258532632196456
30,All,female,15651,bachelors,Unemployed,836776,0.018703930323049418
30,All,female,4103,masters,Unemployed,222835,0.018412726905557925
30,All,female,1203,professional or phd,Unemployed,78258,0.015372230315111554
35,All,female,14667,less than highschool,Unemployed,341850,0.042904782799473455
35,All,female,20118,highschool or equivalent,Unemployed,570573,0.035259291974909436
35,All,female,33317,some college,Unemployed,872423,0.038189043617602926
35,All,female,15249,bachelors,Unemployed,715065,0.02132533406053995
35,All,female,4323,masters,Unemployed,292518,0.014778577728550037
35,All,female,1929,professional or phd,Unemployed,127925,0.015079147938245066
40,All,female,14414,less than highschool,Unemployed,370501,0.03890407853150194
40,All,female,17784,highschool or equivalent,Unemployed,509908,0.034876879750857015
40,All,female,21248,some college,Unemployed,777784,0.027318638593748393
40,All,female,10093,bachelors,Unemployed,647717,0.01558242257035094
40,All,female,4182,masters,Unemployed,284838,0.014682029785351674
40,All,female,2436,professional or phd,Unemployed,126302,0.019287105509018066
45,All,female,17846,less than highschool,Unemployed,420445,0.04244550416820274
45,All,female,14134,highschool or equivalent,Unemployed,500389,0.02824602459286675
45,All,female,21960,some college,Unemployed,772756,0.02841776705713058
45,All,female,12876,bachelors,Unemployed,619074,0.020798805958576843
45,All,female,3176,masters,Unemployed,267188,0.01188676138149917
45,All,female,1257,professional or phd,Unemployed,120638,0.010419602446990169
50,All,female,12736,less than highschool,Unemployed,418605,0.030424863534835943
50,All,female,15754,highschool or equivalent,Unemployed,512912,0.030714820476027076
50,All,female,26395,some college,Unemployed,780959,0.0337981891494944
50,All,female,11963,bachelors,Unemployed,577250,0.020724122996968384
50,All,female,3388,masters,Unemployed,250494,0.013525274058460482
50,All,female,1253,professional or phd,Unemployed,116852,0.010722965802895971
55,All,female,13028,less than highschool,Unemployed,360948,0.03609384177222204
55,All,female,14119,highschool or equivalent,Unemployed,521501,0.027073773588161862
55,All,female,21293,some college,Unemployed,819390,0.025986404520435935
55,All,female,11647,bachelors,Unemployed,541240,0.02151910427906289
55,All,female,4295,masters,Unemployed,225714,0.019028505099373545
55,All,female,1454,professional or phd,Unemployed,102886,0.014132146258966234
60,All,female,9838,less than highschool,Unemployed,282921,0.03477295782214823
60,All,female,10791,highschool or equivalent,Unemployed,428312,0.025194250919890172
60,All,female,19261,some college,Unemployed,728309,0.02644619248148794
60,All,female,8987,bachelors,Unemployed,451834,0.019890048115015692
60,All,female,2785,masters,Unemployed,206095,0.013513185666804144
60,All,female,2025,professional or phd,Unemployed,99773,0.02029607208362984
65,All,female,5666,less than highschool,Unemployed,160580,0.03528459334910948
65,All,female,5080,highschool or equivalent,Unemployed,223956,0.022683027023165266
65,All,female,8779,some college,Unemployed,451426,0.019447262674281054
65,All,female,6272,bachelors,Unemployed,313568,0.020002041024594346
65,All,female,2706,masters,Unemployed,145227,0.018632898841124585
65,All,female,699,professional or phd,Unemployed,91534,0.007636506653265453
70,All,female,1352,less than highschool,Unemployed,60247,0.02244095141666805
70,All,female,1618,highschool or equivalent,Unemployed,88746,0.018231807630766456
70,All,female,5441,some college,Unemployed,190821,0.028513633195507832
70,All,female,1414,bachelors,Unemployed,141843,0.00996876828606276
70,All,female,1327,masters,Unemployed,77716,0.017074990992845745
70,All,female,192,professional or phd,Unemployed,56981,0.0033695442340429265
75,All,female,251,less than highschool,Unemployed,24126,0.01040371383569593
75,All,female,962,highschool or equivalent,Unemployed,36319,0.026487513422726396
75,All,female,1444,some college,Unemployed,66751,0.02163263471708289
75,All,female,955,bachelors,Unemployed,48408,0.01972814410841183
75,All,female,470,masters,Unemployed,27285,0.017225581821513652
75,All,female,125,professional or phd,Unemployed,26405,0.004733951903048665
80,All,female,120,less than highschool,Unemployed,8573,0.013997433803802636
80,All,female,364,highschool or equivalent,Unemployed,19306,0.01885424220449601
80,All,female,1143,some college,Unemployed,25611,0.044629260864472296
80,All,female,189,bachelors,Unemployed,16965,0.011140583554376658
80+,All,female,590,less than highschool,Unemployed,7480,0.07887700534759358
80+,All,female,267,highschool or equivalent,Unemployed,10740,0.024860335195530728
80+,All,female,143,some college,Unemployed,12057,0.011860330098697852
80+,All,female,56,bachelors,Unemployed,11215,0.004993312527864467
80+,All,female,65,professional or phd,Unemployed,6034,0.010772290354656945
20,CA,male,35303,less than highschool,Unemployed,208094,0.16964929310792237
20,OR,male,4637,less than highschool,Unemployed,42506,0.10909048134381029
20,WA,male,7942,less than highschool,Unemployed,63746,0.12458820945627962
20,CA,male,39031,highschool or equivalent,Unemployed,334687,0.11661940858174952
20,OR,male,4912,highschool or equivalent,Unemployed,36125,0.13597231833910034
20,WA,male,6006,highschool or equivalent,Unemployed,63741,0.09422506706829199
20,CA,male,36089,some college,Unemployed,420227,0.08587977450282823
20,OR,male,2398,some college,Unemployed,38859,0.06171028590545305
20,WA,male,4009,some college,Unemployed,74182,0.054042759699118384
20,CA,male,141,bachelors,Unemployed,3186,0.044256120527306965
25,CA,male,20007,less than highschool,Unemployed,183848,0.10882359340324615
25,OR,male,2465,less than highschool,Unemployed,17488,0.14095379688929552
25,WA,male,3564,less than highschool,Unemployed,25385,0.14039787275950363
25,CA,male,46167,highschool or equivalent,Unemployed,574897,0.08030481981989818
25,OR,male,3633,highschool or equivalent,Unemployed,59811,0.06074133520589858
25,WA,male,9266,highschool or equivalent,Unemployed,117553,0.07882401980383316
25,CA,male,56059,some college,Unemployed,992792,0.056466006978299586
25,OR,male,4307,some college,Unemployed,92508,0.046558135512604314
25,WA,male,6697,some college,Unemployed,163987,0.04083860305999866
25,CA,male,14916,bachelors,Unemployed,416772,0.03578935245170021
25,OR,male,1445,bachelors,Unemployed,41338,0.03495573080458658
25,WA,male,2325,bachelors,Unemployed,80390,0.02892150765020525
25,CA,male,1353,masters,Unemployed,38879,0.03480027778492245
25,WA,male,24,masters,Unemployed,6735,0.0035634743875278397
25,CA,male,147,professional or phd,Unemployed,6360,0.02311320754716981
30,CA,male,19149,less than highschool,Unemployed,240643,0.0795743071687105
30,OR,male,1698,less than highschool,Unemployed,17395,0.09761425697039379
30,WA,male,1999,less than highschool,Unemployed,28593,0.06991221627671108
30,CA,male,29559,highschool or equivalent,Unemployed,499497,0.05917753259779338
30,OR,male,3100,highschool or equivalent,Unemployed,46756,0.0663016511249893
30,WA,male,5088,highschool or equivalent,Unemployed,95308,0.05338481554538969
30,CA,male,32089,some college,Unemployed,772888,0.041518305368953845
30,OR,male,2383,some college,Unemployed,77095,0.030909916336986833
30,WA,male,3322,some college,Unemployed,142120,0.023374613003095974
30,CA,male,15875,bachelors,Unemployed,653326,0.024298742128738178
30,OR,male,1751,bachelors,Unemployed,67670,0.025875572631890054
30,WA,male,1694,bachelors,Unemployed,115780,0.014631197097944377
30,CA,male,2916,masters,Unemployed,170053,0.01714759516150847
30,OR,male,316,masters,Unemployed,14101,0.022409758173179205
30,WA,male,364,masters,Unemployed,38681,0.009410304800806598
30,CA,male,1775,professional or phd,Unemployed,61763,0.028738888978838462
30,WA,male,107,professional or phd,Unemployed,9730,0.010996916752312435
35,CA,male,11136,less than highschool,Unemployed,290686,0.038309378504640744
35,OR,male,1066,less than highschool,Unemployed,18012,0.05918276704419276
35,WA,male,1675,less than highschool,Unemployed,33152,0.05052485521235521
35,CA,male,20113,highschool or equivalent,Unemployed,444231,0.04527599379602054
35,OR,male,2584,highschool or equivalent,Unemployed,44188,0.05847741468271929
35,WA,male,4422,highschool or equivalent,Unemployed,82154,0.053825741899359736
35,CA,male,18914,some college,Unemployed,659223,0.02869135330533067
35,OR,male,2770,some college,Unemployed,77290,0.03583904774226938
35,WA,male,3440,some college,Unemployed,135910,0.025310867485836216
35,CA,male,9555,bachelors,Unemployed,555147,0.017211657452890855
35,OR,male,819,bachelors,Unemployed,55046,0.014878465283581005
35,WA,male,1599,bachelors,Unemployed,104872,0.015247158440765886
35,CA,male,2107,masters,Unemployed,218251,0.00965402220379288
35,OR,male,165,masters,Unemployed,25860,0.0063805104408352666
35,WA,male,544,masters,Unemployed,48407,0.011238044084533228
35,CA,male,949,professional or phd,Unemployed,99606,0.009527538501696685
35,WA,male,202,professional or phd,Unemployed,19167,0.01053894714874524
40,CA,male,14219,less than highschool,Unemployed,317756,0.04474817155301552
40,OR,male,1412,less than highschool,Unemployed,22743,0.06208503715428923
40,WA,male,1301,less than highschool,Unemployed,30002,0.04336377574828345
40,CA,male,15367,highschool or equivalent,Unemployed,397077,0.03870030246022812
40,OR,male,2846,highschool or equivalent,Unemployed,40445,0.07036716528619112
40,WA,male,3267,highschool or equivalent,Unemployed,72386,0.045133036775067005
40,CA,male,15901,some college,Unemployed,572318,0.02778350497450718
40,OR,male,1664,some college,Unemployed,73660,0.022590279663317947
40,WA,male,3802,some college,Unemployed,131806,0.0288454243357662
40,CA,male,6816,bachelors,Unemployed,494409,0.01378615680539796
40,OR,male,1838,bachelors,Unemployed,57654,0.03187983487702501
40,WA,male,859,bachelors,Unemployed,95654,0.008980283103686202
40,CA,male,2133,masters,Unemployed,221403,0.009634015799243913
40,OR,male,79,masters,Unemployed,23327,0.003386633514811163
40,WA,male,387,masters,Unemployed,40108,0.00964894784082976
40,CA,male,1055,professional or phd,Unemployed,97972,0.010768382803249908
40,OR,male,483,professional or phd,Unemployed,11400,0.042368421052631576
40,WA,male,230,professional or phd,Unemployed,16930,0.013585351447135264
45,CA,male,10811,less than highschool,Unemployed,370431,0.029184922428198503
45,WA,male,2084,less than highschool,Unemployed,30859,0.06753297255257786
45,CA,male,13388,highschool or equivalent,Unemployed,388529,0.03445817429329599
45,OR,male,1625,highschool or equivalent,Unemployed,40773,0.03985480587643784
45,WA,male,2690,highschool or equivalent,Unemployed,71087,0.03784095544895691
45,CA,male,16770,some college,Unemployed,586263,0.028604909400729708
45,OR,male,2462,some college,Unemployed,66126,0.037231951123612494
45,WA,male,3287,some college,Unemployed,120367,0.027308149243563434
45,CA,male,8801,bachelors,Unemployed,474665,0.018541497687843005
45,OR,male,322,bachelors,Unemployed,50896,0.006326626846903489
45,WA,male,953,bachelors,Unemployed,93513,0.010191096425095976
45,CA,male,2413,masters,Unemployed,205795,0.011725260574843898
45,OR,male,522,masters,Unemployed,21418,0.024372023531608927
45,WA,male,120,masters,Unemployed,39975,0.00300187617260788
45,CA,male,817,professional or phd,Unemployed,93936,0.008697411003236247
45,WA,male,283,professional or phd,Unemployed,18229,0.015524713368807943
50,CA,male,13036,less than highschool,Unemployed,368228,0.03540197920853384
50,OR,male,964,less than highschool,Unemployed,23716,0.0406476640242874
50,WA,male,1470,less than highschool,Unemployed,26661,0.05513671655226736
50,CA,male,14983,highschool or equivalent,Unemployed,395412,0.03789212264675832
50,OR,male,2078,highschool or equivalent,Unemployed,39828,0.052174349703726024
50,WA,male,2516,highschool or equivalent,Unemployed,77672,0.03239262539911422
50,CA,male,15070,some college,Unemployed,585082,0.025757073367493787
50,OR,male,1371,some college,Unemployed,68993,0.0198715811749018
50,WA,male,2974,some college,Unemployed,126884,0.023438731439740235
50,CA,male,9037,bachelors,Unemployed,442192,0.020436823823135653
50,OR,male,1126,bachelors,Unemployed,42681,0.026381762376701576
50,WA,male,1467,bachelors,Unemployed,92377,0.015880576333935935
50,CA,male,2701,masters,Unemployed,195742,0.013798775939757436
50,OR,male,393,masters,Unemployed,19903,0.019745766969803548
50,WA,male,244,masters,Unemployed,34849,0.007001635627995065
50,CA,male,731,professional or phd,Unemployed,93512,0.00781717854393019
50,WA,male,281,professional or phd,Unemployed,17571,0.015992259973820498
55,CA,male,14812,less than highschool,Unemployed,313508,0.04724600329178203
55,OR,male,1355,less than highschool,Unemployed,18338,0.07389028247355219
55,WA,male,1430,less than highschool,Unemployed,29102,0.049137516321902275
55,CA,male,13791,highschool or equivalent,Unemployed,392864,0.03510375091634764
55,OR,male,1498,highschool or equivalent,Unemployed,44803,0.03343526103162735
55,WA,male,2413,highschool or equivalent,Unemployed,83834,0.028783071307584035
55,CA,male,18892,some college,Unemployed,608450,0.031049387788643273
55,OR,male,2864,some college,Unemployed,76085,0.03764211079713478
55,WA,male,3397,some college,Unemployed,134855,0.02519001890919877
55,CA,male,10554,bachelors,Unemployed,419349,0.025167581179399497
55,OR,male,1224,bachelors,Unemployed,37466,0.03266962045588
55,WA,male,1744,bachelors,Unemployed,84425,0.020657388214391472
55,CA,male,3963,masters,Unemployed,171927,0.023050480727285418
55,OR,male,417,masters,Unemployed,18329,0.02275083201483987
55,WA,male,434,masters,Unemployed,35458,0.012239833041908737
55,CA,male,769,professional or phd,Unemployed,81510,0.009434425223898908
55,OR,male,172,professional or phd,Unemployed,8115,0.02119531731361676
55,WA,male,329,professional or phd,Unemployed,13261,0.024809592036799638
60,CA,male,12180,less than highschool,Unemployed,249858,0.048747688687174315
60,OR,male,1209,less than highschool,Unemployed,12335,0.09801378192136198
60,WA,male,308,less than highschool,Unemployed,20728,0.014859127749903512
60,CA,male,11922,highschool or equivalent,Unemployed,315078,0.03783824957629539
60,OR,male,2208,highschool or equivalent,Unemployed,39180,0.05635528330781011
60,WA,male,2764,highschool or equivalent,Unemployed,74054,0.03732411483512032
60,CA,male,14952,some college,Unemployed,535535,0.027919743807594277
60,OR,male,2479,some college,Unemployed,73426,0.03376188271184594
60,WA,male,2351,some college,Unemployed,119348,0.019698696249622952
60,CA,male,10646,bachelors,Unemployed,345062,0.030852426520451396
60,OR,male,566,bachelors,Unemployed,35885,0.01577260693883238
60,WA,male,1158,bachelors,Unemployed,70887,0.016335858478987685
60,CA,male,4407,masters,Unemployed,156429,0.028172525554724506
60,OR,male,366,masters,Unemployed,15527,0.023571842596766923
60,WA,male,199,masters,Unemployed,34139,0.005829110401593485
60,CA,male,1324,professional or phd,Unemployed,79969,0.016556415611049282
60,WA,male,142,professional or phd,Unemployed,13322,0.010659060201170995
65,CA,male,3276,less than highschool,Unemployed,139632,0.02346167067720866
65,OR,male,67,less than highschool,Unemployed,7416,0.009034519956850054
65,WA,male,181,less than highschool,Unemployed,13532,0.013375702039609813
65,CA,male,4674,highschool or equivalent,Unemployed,163214,0.028637249255578565
65,OR,male,304,highschool or equivalent,Unemployed,22641,0.01342696877346407
65,WA,male,622,highschool or equivalent,Unemployed,38101,0.01632503083908559
65,CA,male,9272,some college,Unemployed,320407,0.028938194234208365
65,OR,male,1270,some college,Unemployed,49682,0.025562577996054908
65,WA,male,1084,some college,Unemployed,81337,0.013327268032998512
65,CA,male,6365,bachelors,Unemployed,232725,0.02734987646363734
65,OR,male,731,bachelors,Unemployed,29538,0.024747782517435167
65,WA,male,630,bachelors,Unemployed,51305,0.012279504921547607
65,CA,male,2638,masters,Unemployed,104476,0.025249818140051304
65,OR,male,260,masters,Unemployed,14335,0.018137425880711544
65,WA,male,296,masters,Unemployed,26416,0.011205330102967898
65,CA,male,856,professional or phd,Unemployed,71356,0.011996188127137172
65,WA,male,235,professional or phd,Unemployed,12571,0.018693819107469572
70,CA,male,1613,less than highschool,Unemployed,54461,0.029617524467049815
70,CA,male,1462,highschool or equivalent,Unemployed,64855,0.022542595019659238
70,OR,male,142,highschool or equivalent,Unemployed,8490,0.016725559481743226
70,WA,male,97,highschool or equivalent,Unemployed,15401,0.006298292318680605
70,CA,male,4222,some college,Unemployed,138277,0.03053291581390976
70,OR,male,321,some college,Unemployed,21428,0.014980399477319396
70,WA,male,155,some college,Unemployed,31116,0.004981360071988687
70,CA,male,2829,bachelors,Unemployed,106223,0.02663265017933969
70,WA,male,444,bachelors,Unemployed,23535,0.018865519439133206
70,CA,male,1722,masters,Unemployed,60307,0.028553899215679773
70,OR,male,321,masters,Unemployed,5641,0.05690480411274597
70,WA,male,347,masters,Unemployed,11768,0.02948674371176071
70,CA,male,1197,professional or phd,Unemployed,44963,0.02662188910882281
70,OR,male,79,professional or phd,Unemployed,4681,0.016876735740226446
75,CA,male,801,less than highschool,Unemployed,20649,0.038791224756646814
75,CA,male,748,highschool or equivalent,Unemployed,27316,0.027383218626446038
75,WA,male,71,highschool or equivalent,Unemployed,5489,0.012934960830752414
75,CA,male,1622,some college,Unemployed,52294,0.031016942670287224
75,OR,male,15,some college,Unemployed,5162,0.002905850445563735
75,WA,male,296,some college,Unemployed,9295,0.03184507799892415
75,CA,male,1059,bachelors,Unemployed,37480,0.028255069370330843
75,WA,male,190,bachelors,Unemployed,7812,0.024321556579621095
75,CA,male,552,masters,Unemployed,21503,0.025670836627447333
75,WA,male,81,masters,Unemployed,4285,0.018903150525087516
75,CA,male,933,professional or phd,Unemployed,22402,0.04164806713686278
80,CA,male,102,less than highschool,Unemployed,7211,0.014145056164193592
80,CA,male,453,highschool or equivalent,Unemployed,14730,0.03075356415478615
80,WA,male,140,highschool or equivalent,Unemployed,2570,0.054474708171206226
80,CA,male,598,some college,Unemployed,19256,0.03105525550477773
80,CA,male,475,bachelors,Unemployed,13736,0.034580663948747814
80+,CA,male,419,less than highschool,Unemployed,5994,0.06990323656990324
80+,CA,male,79,highschool or equivalent,Unemployed,8805,0.008972174900624645
80+,CA,male,655,some college,Unemployed,9947,0.06584899969840152
80+,CA,male,228,bachelors,Unemployed,8781,0.025965152032798085
80+,CA,male,16,professional or phd,Unemployed,4970,0.0032193158953722333
20,CA,female,26934,less than highschool,Unemployed,208094,0.12943189135679067
20,OR,female,7493,less than highschool,Unemployed,42506,0.17628099562414717
20,WA,female,5354,less than highschool,Unemployed,63746,0.08398958366015123
20,CA,female,33462,highschool or equivalent,Unemployed,334687,0.09997998129595712
20,OR,female,1732,highschool or equivalent,Unemployed,36125,0.04794463667820069
20,WA,female,4928,highschool or equivalent,Unemployed,63741,0.07731287554321395
20,CA,female,32285,some college,Unemployed,420227,0.07682752417145972
20,OR,female,3655,some college,Unemployed,38859,0.09405800458066342
20,WA,female,3990,some college,Unemployed,74182,0.05378663287589981
20,CA,female,379,bachelors,Unemployed,3186,0.1189579409918393
25,CA,female,11701,less than highschool,Unemployed,183848,0.0636449675819155
25,OR,female,801,less than highschool,Unemployed,17488,0.0458028362305581
25,WA,female,2213,less than highschool,Unemployed,25385,0.08717746700807563
25,CA,female,33080,highschool or equivalent,Unemployed,574897,0.05754074208075533
25,OR,female,3627,highschool or equivalent,Unemployed,59811,0.06064101921051312
25,WA,female,3274,highschool or equivalent,Unemployed,117553,0.027851267088036886
25,CA,female,44851,some college,Unemployed,992792,0.045176633171903076
25,OR,female,3899,some college,Unemployed,92508,0.04214770614433346
25,WA,female,4629,some college,Unemployed,163987,0.028227847329361472
25,CA,female,18630,bachelors,Unemployed,416772,0.04470069966312516
25,OR,female,1606,bachelors,Unemployed,41338,0.038850452368281004
25,WA,female,2679,bachelors,Unemployed,80390,0.03332504042791392
25,CA,female,1239,masters,Unemployed,38879,0.03186810360348774
25,WA,female,162,masters,Unemployed,6735,0.024053452115812918
25,CA,female,198,professional or phd,Unemployed,6360,0.031132075471698113
30,CA,female,13707,less than highschool,Unemployed,240643,0.056959894948118164
30,OR,female,842,less than highschool,Unemployed,17395,0.04840471399827537
30,WA,female,1320,less than highschool,Unemployed,28593,0.04616514531528696
30,CA,female,20516,highschool or equivalent,Unemployed,499497,0.041073319759678234
30,OR,female,1735,highschool or equivalent,Unemployed,46756,0.03710753700059885
30,WA,female,2941,highschool or equivalent,Unemployed,95308,0.030857850337852016
30,CA,female,24113,some college,Unemployed,772888,0.03119856952106903
30,OR,female,2972,some college,Unemployed,77095,0.03854984110513003
30,WA,female,5243,some college,Unemployed,142120,0.03689135941457923
30,CA,female,12422,bachelors,Unemployed,653326,0.019013478722720356
30,OR,female,1381,bachelors,Unemployed,67670,0.020407861681690558
30,WA,female,1848,bachelors,Unemployed,115780,0.015961305925030228
30,CA,female,3294,masters,Unemployed,170053,0.019370431571333644
30,OR,female,195,masters,Unemployed,14101,0.013828806467626409
30,WA,female,614,masters,Unemployed,38681,0.015873426229932007
30,CA,female,1055,professional or phd,Unemployed,61763,0.01708142415361948
30,WA,female,148,professional or phd,Unemployed,9730,0.015210688591983556
35,CA,female,11751,less than highschool,Unemployed,290686,0.04042506347054898
35,OR,female,1244,less than highschool,Unemployed,18012,0.06906506773262269
35,WA,female,1672,less than highschool,Unemployed,33152,0.05043436293436294
35,CA,female,16788,highschool or equivalent,Unemployed,444231,0.03779114919940301
35,OR,female,1653,highschool or equivalent,Unemployed,44188,0.03740834615732778
35,WA,female,1677,highschool or equivalent,Unemployed,82154,0.02041288312194172
35,CA,female,24810,some college,Unemployed,659223,0.037635216004295965
35,OR,female,2667,some college,Unemployed,77290,0.03450640445076983
35,WA,female,5840,some college,Unemployed,135910,0.04296961224339636
35,CA,female,12929,bachelors,Unemployed,555147,0.023289326971054514
35,OR,female,601,bachelors,Unemployed,55046,0.010918141191003887
35,WA,female,1719,bachelors,Unemployed,104872,0.016391410481348692
35,CA,female,3213,masters,Unemployed,218251,0.014721582031697449
35,OR,female,551,masters,Unemployed,25860,0.021307037896365042
35,WA,female,559,masters,Unemployed,48407,0.011547916623628814
35,CA,female,1585,professional or phd,Unemployed,99606,0.015912696022327973
35,WA,female,107,professional or phd,Unemployed,19167,0.005582511608493765
40,CA,female,11790,less than highschool,Unemployed,317756,0.03710394138899029
40,OR,female,1785,less than highschool,Unemployed,22743,0.07848568790397045
40,WA,female,839,less than highschool,Unemployed,30002,0.027964802346510234
40,CA,female,14164,highschool or equivalent,Unemployed,397077,0.03567066337259524
40,OR,female,1760,highschool or equivalent,Unemployed,40445,0.04351588577079985
40,WA,female,1860,highschool or equivalent,Unemployed,72386,0.025695576492691958
40,CA,female,16045,some college,Unemployed,572318,0.02803511334607683
40,OR,female,1505,some college,Unemployed,73660,0.020431713277219658
40,WA,female,3698,some college,Unemployed,131806,0.028056385900490113
40,CA,female,8038,bachelors,Unemployed,494409,0.016257794659886856
40,OR,female,608,bachelors,Unemployed,57654,0.01054566899087661
40,WA,female,1447,bachelors,Unemployed,95654,0.015127438476174546
40,CA,female,3756,masters,Unemployed,221403,0.016964539775883795
40,OR,female,66,masters,Unemployed,23327,0.0028293393921207184
40,WA,female,360,masters,Unemployed,40108,0.00897576543333001
40,CA,female,2190,professional or phd,Unemployed,97972,0.02235332543992161
40,OR,female,137,professional or phd,Unemployed,11400,0.012017543859649123
40,WA,female,109,professional or phd,Unemployed,16930,0.006438275251033668
45,CA,female,16952,less than highschool,Unemployed,370431,0.04576290861186024
45,WA,female,894,less than highschool,Unemployed,30859,0.028970478628601058
45,CA,female,11832,highschool or equivalent,Unemployed,388529,0.030453325234409787
45,OR,female,892,highschool or equivalent,Unemployed,40773,0.021877222671866186
45,WA,female,1410,highschool or equivalent,Unemployed,71087,0.019834850253914217
45,CA,female,16620,some college,Unemployed,586263,0.028349051534891336
45,OR,female,2954,some college,Unemployed,66126,0.04467229229047576
45,WA,female,2386,some college,Unemployed,120367,0.019822708882002542
45,CA,female,9855,bachelors,Unemployed,474665,0.020762011102567073
45,OR,female,718,bachelors,Unemployed,50896,0.014107198994027036
45,WA,female,2303,bachelors,Unemployed,93513,0.024627591885620182
45,CA,female,2436,masters,Unemployed,205795,0.011837022279452854
45,OR,female,240,masters,Unemployed,21418,0.011205528060509852
45,WA,female,500,masters,Unemployed,39975,0.012507817385866166
45,CA,female,887,professional or phd,Unemployed,93936,0.009442599216487822
45,WA,female,370,professional or phd,Unemployed,18229,0.020297328432717098
50,CA,female,11776,less than highschool,Unemployed,368228,0.0319801861889916
50,OR,female,607,less than highschool,Unemployed,23716,0.025594535334795075
50,WA,female,353,less than highschool,Unemployed,26661,0.013240313566632909
50,CA,female,12156,highschool or equivalent,Unemployed,395412,0.030742617826469608
50,OR,female,1378,highschool or equivalent,Unemployed,39828,0.03459877473134478
50,WA,female,2220,highschool or equivalent,Unemployed,77672,0.02858172829333608
50,CA,female,20279,some college,Unemployed,585082,0.034660098926304346
50,OR,female,1904,some college,Unemployed,68993,0.027597002594466104
50,WA,female,4212,some college,Unemployed,126884,0.033195674789571576
50,CA,female,9866,bachelors,Unemployed,442192,0.022311575062416326
50,OR,female,758,bachelors,Unemployed,42681,0.017759658864600174
50,WA,female,1339,bachelors,Unemployed,92377,0.014494950041677042
50,CA,female,2803,masters,Unemployed,195742,0.014319870033002625
50,OR,female,51,masters,Unemployed,19903,0.0025624277747073303
50,WA,female,534,masters,Unemployed,34849,0.0153232517432351
50,CA,female,1224,professional or phd,Unemployed,93512,0.013089229189836599
50,WA,female,29,professional or phd,Unemployed,17571,0.0016504467588640374
55,CA,female,11876,less than highschool,Unemployed,313508,0.03788101101088329
55,OR,female,239,less than highschool,Unemployed,18338,0.013033046133711418
55,WA,female,913,less than highschool,Unemployed,29102,0.03137241426706068
55,CA,female,11372,highschool or equivalent,Unemployed,392864,0.02894640384458744
55,OR,female,837,highschool or equivalent,Unemployed,44803,0.01868178470191728
55,WA,female,1910,highschool or equivalent,Unemployed,83834,0.0227831190209223
55,CA,female,17653,some college,Unemployed,608450,0.029013065987344894
55,OR,female,950,some college,Unemployed,76085,0.012486035355194849
55,WA,female,2690,some college,Unemployed,134855,0.019947350858329316
55,CA,female,9394,bachelors,Unemployed,419349,0.022401388819336638
55,OR,female,1521,bachelors,Unemployed,37466,0.04059680777238029
55,WA,female,732,bachelors,Unemployed,84425,0.008670417530352383
55,CA,female,3416,masters,Unemployed,171927,0.0198688978461789
55,OR,female,386,masters,Unemployed,18329,0.02105952316001964
55,WA,female,493,masters,Unemployed,35458,0.013903773478481584
55,CA,female,1102,professional or phd,Unemployed,81510,0.01351981351981352
55,OR,female,166,professional or phd,Unemployed,8115,0.020455945779420826
55,WA,female,186,professional or phd,Unemployed,13261,0.014026091546640525
60,CA,female,8783,less than highschool,Unemployed,249858,0.03515196631686798
60,OR,female,60,less than highschool,Unemployed,12335,0.004864207539521687
60,WA,female,995,less than highschool,Unemployed,20728,0.04800270165959089
60,CA,female,9026,highschool or equivalent,Unemployed,315078,0.028646874742127345
60,OR,female,784,highschool or equivalent,Unemployed,39180,0.020010209290454314
60,WA,female,981,highschool or equivalent,Unemployed,74054,0.013247089961379533
60,CA,female,14776,some college,Unemployed,535535,0.02759110048829675
60,OR,female,1469,some college,Unemployed,73426,0.020006537193909515
60,WA,female,3016,some college,Unemployed,119348,0.025270637128397628
60,CA,female,6517,bachelors,Unemployed,345062,0.018886460983823197
60,OR,female,646,bachelors,Unemployed,35885,0.01800195067576982
60,WA,female,1824,bachelors,Unemployed,70887,0.02573109314825003
60,CA,female,2301,masters,Unemployed,156429,0.014709548740962353
60,OR,female,234,masters,Unemployed,15527,0.015070522315965737
60,WA,female,250,masters,Unemployed,34139,0.007323003017077243
60,CA,female,1970,professional or phd,Unemployed,79969,0.02463454588653103
60,WA,female,55,professional or phd,Unemployed,13322,0.0041285092328479205
65,CA,female,4736,less than highschool,Unemployed,139632,0.03391772659562278
65,OR,female,488,less than highschool,Unemployed,7416,0.06580366774541532
65,WA,female,442,less than highschool,Unemployed,13532,0.032663316582914576
65,CA,female,4116,highschool or equivalent,Unemployed,163214,0.025218424890021688
65,OR,female,438,highschool or equivalent,Unemployed,22641,0.019345435272293626
65,WA,female,526,highschool or equivalent,Unemployed,38101,0.013805411931445369
65,CA,female,7669,some college,Unemployed,320407,0.023935182439834335
65,OR,female,386,some college,Unemployed,49682,0.007769413469667082
65,WA,female,724,some college,Unemployed,81337,0.008901238058939966
65,CA,female,4909,bachelors,Unemployed,232725,0.021093565366849285
65,OR,female,232,bachelors,Unemployed,29538,0.007854289389938384
65,WA,female,1131,bachelors,Unemployed,51305,0.022044635025825942
65,CA,female,1750,masters,Unemployed,104476,0.016750258432558673
65,OR,female,382,masters,Unemployed,14335,0.026648064178583886
65,WA,female,574,masters,Unemployed,26416,0.021729254996971533
65,CA,female,528,professional or phd,Unemployed,71356,0.0073995179101967595
65,WA,female,171,professional or phd,Unemployed,12571,0.013602736456924667
70,CA,female,1250,less than highschool,Unemployed,54461,0.022952204329703824
70,CA,female,1491,highschool or equivalent,Unemployed,64855,0.0229897463572585
70,OR,female,89,highschool or equivalent,Unemployed,8490,0.010482921083627797
70,WA,female,38,highschool or equivalent,Unemployed,15401,0.0024673722485552886
70,CA,female,3556,some college,Unemployed,138277,0.025716496597409547
70,OR,female,661,some college,Unemployed,21428,0.030847489266380437
70,WA,female,1224,some college,Unemployed,31116,0.039336675665252605
70,CA,female,1125,bachelors,Unemployed,106223,0.010590926635474427
70,WA,female,289,bachelors,Unemployed,23535,0.012279583598895262
70,CA,female,894,masters,Unemployed,60307,0.014824149767025386
70,OR,female,204,masters,Unemployed,5641,0.03616380074454884
70,WA,female,229,masters,Unemployed,11768,0.019459551325628825
70,CA,female,168,professional or phd,Unemployed,44963,0.0037364054889575875
70,OR,female,24,professional or phd,Unemployed,4681,0.005127109591967528
75,CA,female,188,less than highschool,Unemployed,20649,0.009104557121410237
75,CA,female,932,highschool or equivalent,Unemployed,27316,0.034119197539903355
75,WA,female,30,highschool or equivalent,Unemployed,5489,0.005465476407360175
75,CA,female,1103,some college,Unemployed,52294,0.021092285921903087
75,OR,female,105,some college,Unemployed,5162,0.020340953118946146
75,WA,female,236,some college,Unemployed,9295,0.025389994620763853
75,CA,female,563,bachelors,Unemployed,37480,0.015021344717182498
75,WA,female,392,bachelors,Unemployed,7812,0.05017921146953405
75,CA,female,263,masters,Unemployed,21503,0.012230851509091754
75,WA,female,207,masters,Unemployed,4285,0.04830805134189031
75,CA,female,125,professional or phd,Unemployed,22402,0.005579858941165967
80,CA,female,107,less than highschool,Unemployed,7211,0.014838441270281515
80,CA,female,97,highschool or equivalent,Unemployed,14730,0.0065852002715546505
80,WA,female,189,highschool or equivalent,Unemployed,2570,0.07354085603112841
80,CA,female,1081,some college,Unemployed,19256,0.056138346489405896
80,CA,female,189,bachelors,Unemployed,13736,0.013759464181712288
80+,CA,female,590,less than highschool,Unemployed,5994,0.09843176509843177
80+,CA,female,267,highschool or equivalent,Unemployed,8805,0.030323679727427597
80+,CA,female,143,some college,Unemployed,9947,0.014376193827284608
80+,CA,female,56,bachelors,Unemployed,8781,0.006377405762441635
80+,CA,female,65,professional or phd,Unemployed,4970,0.013078470824949699
