occp_descr,stab,value,ord,tp
retail salespersons,All,549546,1,Total
cashiers,All,509309,2,Total
driver/sales workers and truck drivers,All,489072,3,Total
elementary and middle school teachers,All,460129,4,Total
first-line supervisors of retail sales workers,All,427018,5,Total
secretaries and administrative assistants,All,419295,6,Total
customer service representatives,All,418503,7,Total
registered nurses,All,402284,8,Total
personal care aides,All,400871,9,Total
janitors and building cleaners,All,359395,10,Total
retail salespersons,CA,436882,1,Total
cashiers,CA,411069,2,Total
driver/sales workers and truck drivers,CA,383165,3,Total
elementary and middle school teachers,CA,353736,4,Total
first-line supervisors of retail sales workers,CA,325241,5,Total
customer service representatives,CA,323292,6,Total
secretaries and administrative assistants,CA,318105,7,Total
personal care aides,CA,310431,8,Total
registered nurses,CA,308374,9,Total
janitors and building cleaners,CA,284794,10,Total
retail salespersons,OR,42658,1,Total
personal care aides,OR,41307,2,Total
secretaries and administrative assistants,OR,38292,3,Total
customer service representatives,OR,37372,4,Total
driver/sales workers and truck drivers,OR,36476,5,Total
first-line supervisors of retail sales workers,OR,34644,6,Total
registered nurses,OR,34633,7,Total
elementary and middle school teachers,OR,33757,8,Total
cooks,OR,33493,9,Total
cashiers,OR,33445,10,Total
elementary and middle school teachers,WA,72636,1,Total
retail salespersons,WA,70006,2,Total
driver/sales workers and truck drivers,WA,69431,3,Total
first-line supervisors of retail sales workers,WA,67133,4,Total
"software developers, applications and systems software",WA,66641,5,Total
cashiers,WA,64795,6,Total
secretaries and administrative assistants,WA,62898,7,Total
registered nurses,WA,59277,8,Total
customer service representatives,WA,57839,9,Total
janitors and building cleaners,WA,49416,10,Total
physicians and surgeons,All,198878.0285661889,1,Wage
architectural and engineering managers,All,176861.6648702311,2,Wage
chief executives and legislators,All,157146.6317740423,3,Wage
nurse anesthetists,All,150133.87215657491,4,Wage
actuaries,All,135545.48016517336,5,Wage
natural sciences managers,All,131713.02033110097,6,Wage
"lawyers, and judges, magistrates, and other judicial workers",All,131265.17270007488,7,Wage
financial examiners,All,126729.39247300771,8,Wage
computer hardware engineers,All,124362.14726575975,9,Wage
dentists,All,123871.22748252013,10,Wage
physicians and surgeons,CA,197778.91975629336,1,Wage
architectural and engineering managers,CA,179851.5329086106,2,Wage
nurse anesthetists,CA,160619.09276734694,3,Wage
chief executives and legislators,CA,158642.2482769766,4,Wage
economists,CA,150576.51378099548,5,Wage
actuaries,CA,142812.86533263043,6,Wage
natural sciences managers,CA,140089.09836676216,7,Wage
financial examiners,CA,133271.20626521058,8,Wage
"lawyers, and judges, magistrates, and other judicial workers",CA,132230.23117051236,9,Wage
podiatrists,CA,125593.81187878788,10,Wage
physicians and surgeons,OR,186852.4762403027,1,Wage
architectural and engineering managers,OR,185845.45930007918,2,Wage
dentists,OR,177384.10487906972,3,Wage
announcers,OR,155182.7454736842,4,Wage
air traffic controllers and airfield operations specialists,OR,150189.59999999998,5,Wage
nurse anesthetists,OR,143025.38344827585,6,Wage
actuaries,OR,119519.3027368421,7,Wage
chief executives and legislators,OR,117595.40622661218,8,Wage
materials engineers,OR,115662.92402624937,9,Wage
pharmacists,OR,112489.5759052369,10,Wage
physicians and surgeons,WA,208969.55765731918,1,Wage
astronomers and physicists,WA,195246.47999999998,2,Wage
computer and information research scientists,WA,172678.385980198,3,Wage
chief executives and legislators,WA,165244.63360613456,4,Wage
architectural and engineering managers,WA,159665.7740208478,5,Wage
nurse anesthetists,WA,152038.78126126126,6,Wage
dentists,WA,147676.05206742595,7,Wage
"power plant operators, distributors, and dispatchers",WA,137558.914599665,8,Wage
"lawyers, and judges, magistrates, and other judicial workers",WA,135065.04501628893,9,Wage
aircraft pilots and flight engineers,WA,133276.716779417,10,Wage
