ind,stab,value,ord,tp
Professional,All,3040698,1,Total
Retail,All,2472259,2,Total
Entertainment,All,2410691,3,Total
Medical,All,2339607,4,Total
Manufacturing,All,2271132,5,Total
Education,All,1973456,6,Total
Construction,All,1445792,7,Total
Finance,All,1383099,8,Total
Personal Service,All,1196836,9,Total
Transportation,All,986522,10,Total
Professional,CA,2395301,1,Total
Entertainment,CA,1909808,2,Total
Retail,CA,1870066,3,Total
Medical,CA,1747564,4,Total
Manufacturing,CA,1708613,5,Total
Education,CA,1525809,6,Total
Construction,CA,1113331,7,Total
Finance,CA,1095036,8,Total
Personal Service,CA,948407,9,Total
Transportation,CA,761813,10,Total
Medical,OR,226091,1,Total
Retail,OR,217813,2,Total
Professional,OR,215676,3,Total
Manufacturing,OR,213087,4,Total
Entertainment,OR,187497,5,Total
Education,OR,157249,6,Total
Construction,OR,109774,7,Total
Finance,OR,102860,8,Total
Personal Service,OR,86802,9,Total
Government,OR,79633,10,Total
Professional,WA,429721,1,Total
Retail,WA,384380,2,Total
Medical,WA,365952,3,Total
Manufacturing,WA,349432,4,Total
Entertainment,WA,313386,5,Total
Education,WA,290398,6,Total
Construction,WA,222687,7,Total
Finance,WA,185203,8,Total
Personal Service,WA,161627,9,Total
Transportation,WA,160992,10,Total
Utility,All,84140.94933102487,1,Wage
Information,All,82199.0094437253,2,Wage
Extraction,All,74743.08697595105,3,Wage
Finance,All,69212.69353093063,4,Wage
Manufacturing,All,64856.836080806504,5,Wage
Government,All,63354.30748464072,6,Wage
Professional,All,61783.62780322328,7,Wage
Medical,All,58462.44174545369,8,Wage
Wholesale,All,56083.93079448411,9,Wage
Military,All,50548.89308736456,10,Wage
Utility,CA,85781.79253843914,1,Wage
Information,CA,84430.58363133275,2,Wage
Extraction,CA,76317.42332282297,3,Wage
Finance,CA,70977.83291813836,4,Wage
Manufacturing,CA,65392.10164967444,5,Wage
Government,CA,65233.4437738463,6,Wage
Professional,CA,61903.313045369214,7,Wage
Medical,CA,59266.59099945121,8,Wage
Wholesale,CA,55540.617738708635,9,Wage
Military,CA,51073.5325130039,10,Wage
Utility,OR,69202.36205119426,1,Wage
Extraction,OR,66386.00984242425,2,Wage
Manufacturing,OR,58306.50176991895,3,Wage
Finance,OR,57377.30814297958,4,Wage
Government,OR,53892.04017479788,5,Wage
Medical,OR,53002.43522559535,6,Wage
Wholesale,OR,52155.027496143695,7,Wage
Information,OR,51688.16519836912,8,Wage
Military,OR,49218.20875109434,9,Wage
Professional,OR,47497.876684538656,10,Wage
Utility,WA,83965.13543911187,1,Wage
Information,WA,79814.09885876946,2,Wage
Professional,WA,68286.47843904524,3,Wage
Manufacturing,WA,66234.0121204478,4,Wage
Finance,WA,65349.34664666987,5,Wage
Wholesale,WA,61466.07074484266,6,Wage
Government,WA,59341.01757764601,7,Wage
Extraction,WA,59049.4896262582,8,Wage
Medical,WA,57995.593763118224,9,Wage
Transportation,WA,50409.92261269131,10,Wage
