ind,stab,value,ord,tp
Professional,All,3543568,1,Total
Entertainment,All,3088099,2,Total
Retail,All,2979777,3,Total
Medical,All,2756035,4,Total
Manufacturing,All,2539764,5,Total
Education,All,2311101,6,Total
Construction,All,1729568,7,Total
Finance,All,1702986,8,Total
Personal Service,All,1395093,9,Total
Transportation,All,1161778,10,Total
Retail,AZ,353083,1,Total
Professional,AZ,352217,2,Total
Entertainment,AZ,334208,3,Total
Medical,AZ,322714,4,Total
Education,AZ,249367,5,Total
Finance,AZ,238463,6,Total
Manufacturing,AZ,212257,7,Total
Construction,AZ,202181,8,Total
Personal Service,AZ,137685,9,Total
Government,AZ,132487,10,Total
Professional,CA,2395301,1,Total
Entertainment,CA,1909808,2,Total
Retail,CA,1870066,3,Total
Medical,CA,1747564,4,Total
Manufacturing,CA,1708613,5,Total
Education,CA,1525809,6,Total
Construction,CA,1113331,7,Total
Finance,CA,1095036,8,Total
Personal Service,CA,948407,9,Total
Transportation,CA,761813,10,Total
Entertainment,NV,343200,1,Total
Retail,NV,154435,2,Total
Professional,NV,150653,3,Total
Medical,NV,93714,4,Total
Education,NV,88278,5,Total
Construction,NV,81595,6,Total
Finance,NV,81424,7,Total
Personal Service,NV,60572,8,Total
Transportation,NV,58964,9,Total
Manufacturing,NV,56375,10,Total
Medical,OR,226091,1,Total
Retail,OR,217813,2,Total
Professional,OR,215676,3,Total
Manufacturing,OR,213087,4,Total
Entertainment,OR,187497,5,Total
Education,OR,157249,6,Total
Construction,OR,109774,7,Total
Finance,OR,102860,8,Total
Personal Service,OR,86802,9,Total
Government,OR,79633,10,Total
Professional,WA,429721,1,Total
Retail,WA,384380,2,Total
Medical,WA,365952,3,Total
Manufacturing,WA,349432,4,Total
Entertainment,WA,313386,5,Total
Education,WA,290398,6,Total
Construction,WA,222687,7,Total
Finance,WA,185203,8,Total
Personal Service,WA,161627,9,Total
Transportation,WA,160992,10,Total
Utility,All,81455.07540716557,1,Wage
Information,All,78499.15452771235,2,Wage
Extraction,All,73548.82752641101,3,Wage
Finance,All,66086.16606896347,4,Wage
Manufacturing,All,64050.42155140839,5,Wage
Government,All,62149.19919981365,6,Wage
Professional,All,59468.59854354233,7,Wage
Medical,All,57685.79575716256,8,Wage
Wholesale,All,55546.09069960398,9,Wage
Military,All,50922.52888833771,10,Wage
Extraction,AZ,69551.19143136634,1,Wage
Utility,AZ,68135.52600003644,2,Wage
Manufacturing,AZ,59604.36629907782,3,Wage
Finance,AZ,54251.87700898906,4,Wage
Government,AZ,53943.05050142096,5,Wage
Military,AZ,53365.56551086727,6,Wage
Medical,AZ,52159.67599728502,7,Wage
Wholesale,AZ,52133.3910833213,8,Wage
Information,AZ,47781.2643398203,9,Wage
Professional,AZ,45288.8749471327,10,Wage
Utility,CA,85781.79253843914,1,Wage
Information,CA,84430.58363133275,2,Wage
Extraction,CA,76317.42332282297,3,Wage
Finance,CA,70977.83291813836,4,Wage
Manufacturing,CA,65392.10164967444,5,Wage
Government,CA,65233.4437738463,6,Wage
Professional,CA,61903.313045369214,7,Wage
Medical,CA,59266.59099945121,8,Wage
Wholesale,CA,55540.617738708635,9,Wage
Military,CA,51073.5325130039,10,Wage
Utility,NV,76266.69090151515,1,Wage
Extraction,NV,74839.82934947281,2,Wage
Government,NV,61132.18045396121,3,Wage
Medical,NV,57326.29580476769,4,Wage
Military,NV,52051.18040043184,5,Wage
Wholesale,NV,50675.10168778239,6,Wage
Manufacturing,NV,48302.88286782439,7,Wage
Information,NV,48160.445233901744,8,Wage
Finance,NV,47636.36092538612,9,Wage
Professional,NV,45894.58983547304,10,Wage
Utility,OR,69202.36205119426,1,Wage
Extraction,OR,66386.00984242425,2,Wage
Manufacturing,OR,58306.50176991895,3,Wage
Finance,OR,57377.30814297958,4,Wage
Government,OR,53892.04017479788,5,Wage
Medical,OR,53002.43522559535,6,Wage
Wholesale,OR,52155.027496143695,7,Wage
Information,OR,51688.16519836912,8,Wage
Military,OR,49218.20875109434,9,Wage
Professional,OR,47497.876684538656,10,Wage
Utility,WA,83965.13543911187,1,Wage
Information,WA,79814.09885876946,2,Wage
Professional,WA,68286.47843904524,3,Wage
Manufacturing,WA,66234.0121204478,4,Wage
Finance,WA,65349.34664666987,5,Wage
Wholesale,WA,61466.07074484266,6,Wage
Government,WA,59341.01757764601,7,Wage
Extraction,WA,59049.4896262582,8,Wage
Medical,WA,57995.593763118224,9,Wage
Transportation,WA,50409.92261269131,10,Wage
