age_cat,stab,variable,value
05,All,male,1945855
10,All,male,1668196
15,All,male,1616316
20,All,male,1720775
25,All,male,1944370
30,All,male,1930862
35,All,male,1824681
40,All,male,1701484
45,All,male,1647285
50,All,male,1663367
55,All,male,1657795
60,All,male,1557864
65,All,male,1304231
70,All,male,1047897
75,All,male,692264
80,All,male,483019
80+,All,male,594503
05,All,female,1855146
10,All,female,1611831
15,All,female,1569140
20,All,female,1635599
25,All,female,1794576
30,All,female,1838053
35,All,female,1769058
40,All,female,1645221
45,All,female,1673839
50,All,female,1649790
55,All,female,1689468
60,All,female,1626277
65,All,female,1443916
70,All,female,1182198
75,All,female,820297
80,All,female,596939
80+,All,female,942034
05,CA,male,1532673
05,OR,male,138910
05,WA,male,274272
10,CA,male,1301913
10,OR,male,129934
10,WA,male,236349
15,CA,male,1280550
15,OR,male,117887
15,WA,male,217879
20,CA,male,1356242
20,OR,male,128534
20,WA,male,235999
25,CA,male,1545847
25,OR,male,138693
25,WA,male,259830
30,CA,male,1520467
30,OR,male,139761
30,WA,male,270634
35,CA,male,1419613
35,OR,male,138287
35,WA,male,266781
40,CA,male,1314150
40,OR,male,142843
40,WA,male,244491
45,CA,male,1298792
45,OR,male,124222
45,WA,male,224271
50,CA,male,1306301
50,OR,male,124668
50,WA,male,232398
55,CA,male,1280353
55,OR,male,129663
55,WA,male,247779
60,CA,male,1193728
60,OR,male,131242
60,WA,male,232894
65,CA,male,968901
65,OR,male,128164
65,WA,male,207166
70,CA,male,776695
70,OR,male,106998
70,WA,male,164204
75,CA,male,508341
75,OR,male,70666
75,WA,male,113257
80,CA,male,360587
80,OR,male,49226
80,WA,male,73206
80+,CA,male,461242
80+,OR,male,51587
80+,WA,male,81674
05,CA,female,1460738
05,OR,female,132325
05,WA,female,262083
10,CA,female,1262789
10,OR,female,124664
10,WA,female,224378
15,CA,female,1238864
15,OR,female,115573
15,WA,female,214703
20,CA,female,1294303
20,OR,female,123993
20,WA,female,217303
25,CA,female,1420725
25,OR,female,130876
25,WA,female,242975
30,CA,female,1443005
30,OR,female,138886
30,WA,female,256162
35,CA,female,1372672
35,OR,female,141916
35,WA,female,254470
40,CA,female,1288900
40,OR,female,128706
40,WA,female,227615
45,CA,female,1321719
45,OR,female,123687
45,WA,female,228433
50,CA,female,1291359
50,OR,female,127071
50,WA,female,231360
55,CA,female,1315527
55,OR,female,132744
55,WA,female,241197
60,CA,female,1244431
60,OR,female,139205
60,WA,female,242641
65,CA,female,1076348
65,OR,female,145998
65,WA,female,221570
70,CA,female,884171
70,OR,female,114733
70,WA,female,183294
75,CA,female,623171
75,OR,female,77470
75,WA,female,119656
80,CA,female,460013
80,OR,female,52387
80,WA,female,84539
80+,CA,female,719688
80+,OR,female,87458
80+,WA,female,134888
