age_cat,stab,variable,value
05,All,male,2315266
10,All,male,2009892
15,All,male,1940464
20,All,male,2054314
25,All,male,2294063
30,All,male,2273089
35,All,male,2148092
40,All,male,2016116
45,All,male,1957608
50,All,male,1971676
55,All,male,1957064
60,All,male,1846542
65,All,male,1568771
70,All,male,1280635
75,All,male,874791
80,All,male,604148
80+,All,male,719722
05,All,female,2213702
10,All,female,1930455
15,All,female,1890234
20,All,female,1951991
25,All,female,2115122
30,All,female,2171168
35,All,female,2083827
40,All,female,1947738
45,All,female,1989443
50,All,female,1953488
55,All,female,2002051
60,All,female,1932100
65,All,female,1740345
70,All,female,1440420
75,All,female,1017753
80,All,female,734786
80+,All,female,1116180
05,AZ,male,258266
05,CA,male,1532673
05,NV,male,111145
05,OR,male,138910
05,WA,male,274272
10,AZ,male,240381
10,CA,male,1301913
10,NV,male,101315
10,OR,male,129934
10,WA,male,236349
15,AZ,male,233458
15,CA,male,1280550
15,NV,male,90690
15,OR,male,117887
15,WA,male,217879
20,AZ,male,245806
20,CA,male,1356242
20,NV,male,87733
20,OR,male,128534
20,WA,male,235999
25,AZ,male,245274
25,CA,male,1545847
25,NV,male,104419
25,OR,male,138693
25,WA,male,259830
30,AZ,male,239428
30,CA,male,1520467
30,NV,male,102799
30,OR,male,139761
30,WA,male,270634
35,AZ,male,222697
35,CA,male,1419613
35,NV,male,100714
35,OR,male,138287
35,WA,male,266781
40,AZ,male,217714
40,CA,male,1314150
40,NV,male,96918
40,OR,male,142843
40,WA,male,244491
45,AZ,male,208331
45,CA,male,1298792
45,NV,male,101992
45,OR,male,124222
45,WA,male,224271
50,AZ,male,208808
50,CA,male,1306301
50,NV,male,99501
50,OR,male,124668
50,WA,male,232398
55,AZ,male,205756
55,CA,male,1280353
55,NV,male,93513
55,OR,male,129663
55,WA,male,247779
60,AZ,male,197245
60,CA,male,1193728
60,NV,male,91433
60,OR,male,131242
60,WA,male,232894
65,AZ,male,183421
65,CA,male,968901
65,NV,male,81119
65,OR,male,128164
65,WA,male,207166
70,AZ,male,163419
70,CA,male,776695
70,NV,male,69319
70,OR,male,106998
70,WA,male,164204
75,AZ,male,129976
75,CA,male,508341
75,NV,male,52551
75,OR,male,70666
75,WA,male,113257
80,AZ,male,88129
80,CA,male,360587
80,NV,male,33000
80,OR,male,49226
80,WA,male,73206
80+,AZ,male,96868
80+,CA,male,461242
80+,NV,male,28351
80+,OR,male,51587
80+,WA,male,81674
05,AZ,female,253542
05,CA,female,1460738
05,NV,female,105014
05,OR,female,132325
05,WA,female,262083
10,AZ,female,227043
10,CA,female,1262789
10,NV,female,91581
10,OR,female,124664
10,WA,female,224378
15,AZ,female,222666
15,CA,female,1238864
15,NV,female,98428
15,OR,female,115573
15,WA,female,214703
20,AZ,female,232075
20,CA,female,1294303
20,NV,female,84317
20,OR,female,123993
20,WA,female,217303
25,AZ,female,229293
25,CA,female,1420725
25,NV,female,91253
25,OR,female,130876
25,WA,female,242975
30,AZ,female,225449
30,CA,female,1443005
30,NV,female,107666
30,OR,female,138886
30,WA,female,256162
35,AZ,female,217122
35,CA,female,1372672
35,NV,female,97647
35,OR,female,141916
35,WA,female,254470
40,AZ,female,208419
40,CA,female,1288900
40,NV,female,94098
40,OR,female,128706
40,WA,female,227615
45,AZ,female,211264
45,CA,female,1321719
45,NV,female,104340
45,OR,female,123687
45,WA,female,228433
50,AZ,female,212852
50,CA,female,1291359
50,NV,female,90846
50,OR,female,127071
50,WA,female,231360
55,AZ,female,218076
55,CA,female,1315527
55,NV,female,94507
55,OR,female,132744
55,WA,female,241197
60,AZ,female,213406
60,CA,female,1244431
60,NV,female,92417
60,OR,female,139205
60,WA,female,242641
65,AZ,female,211241
65,CA,female,1076348
65,NV,female,85188
65,OR,female,145998
65,WA,female,221570
70,AZ,female,183792
70,CA,female,884171
70,NV,female,74430
70,OR,female,114733
70,WA,female,183294
75,AZ,female,142562
75,CA,female,623171
75,NV,female,54894
75,OR,female,77470
75,WA,female,119656
80,AZ,female,103301
80,CA,female,460013
80,NV,female,34546
80,OR,female,52387
80,WA,female,84539
80+,AZ,female,130985
80+,CA,female,719688
80+,NV,female,43161
80+,OR,female,87458
80+,WA,female,134888
